나이,연봉,재산,예금,자동차배기량,자녀수,신청금액,신청기간월,학력점수,결혼점수,회사규모점수,대출분류점수,승인여부,Loan_Prediction,Approval_Probability
46,125698163,48275239,31145202,1600,2,123660705,60,6,7,5,7,1,1,0.9995080389645843
29,106375092,381530301,113363824,1600,1,187694224,48,8,7,5,5,1,1,0.7855860159282785
55,137040591,371500959,73940544,1000,1,157004769,84,3,5,3,5,1,1,0.863923762083439
44,50484932,212594691,67482941,1000,0,11236279,24,6,7,5,6,0,1,0.9445548176326465
31,137359292,290019243,161764619,3000,0,101339766,36,8,7,3,6,1,0,0.03638714521204323
28,136440735,254611269,187614519,0,2,67538265,36,6,5,10,8,1,0,0.0018041222584545627
28,88283594,405258243,138435946,1600,2,8359594,48,10,7,3,6,1,0,0.0008655930030410985
61,85695976,119797441,141137529,1600,0,144790278,48,6,7,10,5,1,1,0.9962159597886223
47,108832427,29855452,105574841,2000,3,169920232,12,6,5,5,5,0,1,0.9964060000272855
25,65745028,356609502,147759457,2000,2,29735479,60,3,7,5,7,1,1,0.998207018444501
38,42734911,406148027,193266686,1000,2,55886216,36,6,7,2,8,1,1,0.9999908457859424
57,110570364,9761285,21705558,2000,0,186516358,24,6,5,10,8,0,0,0.0005303910788087085
41,139796740,259999062,60465346,2000,2,8250228,120,3,5,9,5,1,1,0.9952359971749672
49,51694251,344383757,176257601,0,1,157628435,24,6,5,5,7,1,1,0.9984950061876521
40,54731484,297204691,74768017,0,3,196311523,120,10,5,3,7,1,1,0.9994968075344518
39,64612601,425105490,180630502,0,2,51762658,120,10,5,10,8,1,1,0.9997080499676828
29,24900704,320015194,99529068,1000,0,46265323,48,6,7,7,8,1,1,0.9995561366842941
45,149585002,393141153,108588481,0,0,144183724,60,6,5,5,7,1,0,4.542181874931514e-05
47,130493044,148310430,92118687,2500,1,67652938,12,10,7,9,5,1,0,3.284770228422328e-05
44,131638985,238418887,44913723,3000,2,136723210,36,8,7,3,5,1,1,0.9999859991157057
24,137422253,202110021,97143075,1600,3,156352412,60,6,7,4,7,1,0,0.2093171991183506
23,106378585,402624043,45880125,0,2,163166233,24,3,7,5,6,0,1,0.9998053193625669
27,118915177,233196808,155875815,1600,2,157042474,36,8,7,9,7,1,1,0.9941666991216497
53,133603744,89125071,64849979,1000,1,185444673,12,3,5,7,5,0,1,0.9999949388119613
63,114988932,246945676,159350143,1600,0,21634815,12,6,7,5,5,1,1,0.9999365616113941
25,106660221,113442957,46606610,0,2,43897972,12,2,7,5,5,0,0,0.36627842215303125
27,125996101,414706748,171228719,0,0,36068885,36,6,5,9,5,1,0,0.03730337304793703
53,35874497,146270214,88514161,0,2,99206485,120,6,7,7,5,0,0,0.015531986001048
48,28171473,294243081,11781732,0,2,184078253,24,6,7,10,5,0,1,0.9996186121063795
33,146983268,15146613,183673662,2000,1,66689176,36,8,4,10,4,1,1,0.9999997384828827
48,53852404,229403477,128026283,1000,1,83227310,48,6,4,4,7,1,1,0.9999998938080703
26,22390198,466720503,126052505,2000,0,177284198,24,6,7,4,7,0,0,2.3600828385235436e-05
63,70917827,29819792,115182151,3500,2,49674822,84,6,5,10,4,1,1,0.9998121426901735
37,66471053,352077375,146135474,3500,2,15363006,36,10,5,3,5,1,1,0.9999998121252685
61,60256953,465529515,139164646,1000,1,188366207,120,6,7,5,5,1,1,0.9999797742886993
32,20164849,310482548,174126469,0,2,15212691,36,8,7,5,5,1,1,0.9999976041021743
64,36399902,83810985,117345815,3000,1,168007701,48,6,5,5,6,0,1,0.9991406630664108
59,59454510,307952366,102019666,2000,2,121932829,84,10,7,5,8,1,1,0.9999489310709623
44,144894651,436508554,142165450,2000,0,177996926,12,3,5,4,7,1,1,0.9996672213782818
28,95347574,334665589,144302812,2000,0,122020976,84,3,5,10,5,1,1,0.9988918319825735
40,127228830,106947868,97355870,1600,1,43849425,84,3,7,9,5,1,1,0.9998087319990644
60,52190221,448098899,28000096,0,4,87033698,36,6,7,4,8,0,0,0.006440468824695072
48,123282506,423280584,45617772,3500,2,19694096,36,2,7,5,6,1,1,0.9999855405721099
47,118470377,373961825,115456013,0,2,15508299,60,8,7,10,4,1,0,0.3793354748599683
46,101505896,142305132,93820594,0,2,104849901,120,6,5,7,5,1,0,0.006068734055672306
31,26219045,195437924,171635677,1600,0,52407662,48,10,7,5,7,1,0,0.027166022224949456
54,61663296,435569075,59583838,0,0,15777352,84,6,4,5,7,1,1,0.9984209557265721
51,44004661,140230243,67785143,1600,1,106450651,120,10,4,4,4,0,1,0.9999879356640052
33,60282534,15284183,28262994,0,2,63546245,120,3,5,9,5,0,1,0.9974496240888349
40,127282326,246744356,197100458,3000,1,116282801,24,6,4,7,5,1,0,0.00045139064861545326
59,82324053,324212209,162373324,2000,0,31173661,120,8,7,7,4,1,0,0.004586788042224501
36,142952004,113854775,83397720,2000,3,50576643,84,3,5,5,6,1,1,0.9946643030428582
65,110920016,127992476,61231858,1600,1,63980780,12,6,4,9,7,0,1,0.9997748315708542
54,35015762,59700321,126859482,1600,2,83995434,36,3,7,9,6,0,1,0.8913948046069488
50,127876764,6062375,186299178,0,0,106417519,24,6,5,7,7,1,1,0.9999987862945527
61,146427924,319712320,70782164,2000,3,152211159,120,6,5,2,6,1,1,0.9964785770323831
32,115863292,565737,107401457,1600,1,16696459,12,6,7,10,5,1,0,0.10769863868177919
54,25725249,460136184,120168485,1600,2,129405744,48,6,4,10,7,1,1,0.9998401491978592
65,32607239,311313013,106394531,2500,1,122518338,120,6,4,7,5,0,1,0.7606385914592346
43,24838821,285118982,2865691,3500,1,165004552,48,6,5,4,6,0,0,0.3771948808937494
59,114387972,360333933,193087912,2000,2,17861318,12,8,5,2,5,1,1,0.9999917476863359
30,66990492,95639493,56556361,1000,0,24456487,120,6,5,7,8,1,1,0.9986714480729212
61,47239501,340837824,19603086,2500,1,93488735,24,3,4,9,5,0,0,0.007100837399295043
63,142436145,235010104,41390630,2000,1,82639355,120,6,7,5,6,1,1,0.9999979244878902
42,64170131,107318981,98854872,0,0,62788504,120,3,7,5,5,1,1,0.999951825339348
59,30968216,319965343,2563666,1600,1,76913171,84,6,5,5,5,0,1,0.9991724728473511
45,29919319,333836975,120441692,0,2,23835943,24,6,7,3,8,1,1,0.9999991362799382
34,102821165,333986530,196363441,3000,0,145564787,48,6,7,7,8,1,1,0.9981180148567745
49,86907038,210295287,6028758,1600,0,69294410,84,8,4,5,8,1,0,0.2058690094375267
34,88028020,475738626,171397637,2000,1,148273802,24,6,5,3,7,1,1,0.9806035152000192
65,63970025,319808562,721287,0,4,10166974,84,3,7,5,8,1,1,0.8932086987782927
50,70715630,453808193,77739619,1000,2,17616858,84,6,5,3,8,1,1,0.9999993305248708
41,112669979,402507440,9811770,2000,0,115823516,12,2,7,3,5,0,1,0.9995025864782903
24,48831657,386823697,20723757,1000,0,124206974,60,6,7,3,8,0,1,0.9760842828608974
27,149411639,206334972,9725494,1000,3,11289227,12,6,5,9,6,1,0,0.0007846259510279136
42,147885554,408310252,26415756,2500,0,115808787,60,8,5,4,8,1,1,0.998864949695367
30,78703526,269807925,121124960,0,2,196335754,60,6,5,5,8,1,0,0.0191826134453888
27,84012228,124840193,30004835,0,1,13554230,12,6,5,3,5,0,1,0.999918394431975
51,51658684,137527223,178223334,1000,1,107574253,60,6,7,10,5,1,0,3.666206269508524e-05
31,20707682,489675012,149438024,3500,0,57076968,48,8,7,5,6,1,0,0.015256052494254985
58,128665493,452188416,104651609,1600,2,186861076,60,3,5,5,6,1,1,0.9962648986877255
51,60943768,392808877,143403007,1600,1,31087845,24,6,5,9,6,1,1,0.9999822297268043
51,58708039,414303066,81534217,2000,0,163927223,84,6,7,10,5,1,0,0.16718052993745985
56,93051582,403041082,63686273,1600,1,44985001,60,6,7,4,5,1,1,0.7549100162950467
41,64100854,98405874,39109679,2000,1,133641389,24,6,5,2,4,0,1,0.8049407382121382
63,71123993,134390649,168773660,2500,3,182251179,84,6,7,10,7,1,1,0.9889267105164163
38,125360868,75457991,33638156,1600,1,55602367,24,3,5,7,7,1,0,0.01950366831433394
49,128598428,346940344,38090031,0,0,196353130,48,10,7,7,5,1,1,0.999999707830535
60,74536782,432574667,131811970,3500,0,51413093,120,6,4,10,8,1,0,0.006733133908141982
43,84006487,198110072,81364266,1600,0,119024221,24,3,4,2,5,0,1,0.9994185345865708
62,81240884,229212937,41204399,0,1,117567813,24,6,5,5,5,0,1,0.9999999894560329
41,92066368,320427068,153923235,2000,0,118599262,120,6,5,10,8,1,0,0.0012477433083659094
27,60534277,4182829,75628267,0,1,149377701,36,6,5,4,8,0,1,0.9999915737777134
60,66534955,289747091,91052869,1600,1,167460308,84,6,5,4,4,1,0,0.09632588929811034
47,96999178,90597229,73016326,1600,2,186341879,48,8,7,3,5,1,1,0.9999930689839243
61,54884172,385449202,181894213,2500,2,86867550,120,3,7,7,6,1,0,0.11081986413492005
49,57159388,229188519,28400363,2500,1,123898255,12,6,5,5,7,0,1,0.9999996521526822
23,81316213,226091342,22455921,1600,2,101816733,60,6,7,4,4,1,0,0.046305624168433764
44,83990200,147819165,29340115,0,4,120984726,36,6,7,4,5,0,1,0.9996789180510461
39,143486956,295190482,56428425,3000,1,80019320,120,8,4,5,5,1,0,0.00562299109127084
64,86033329,8460671,197718095,3000,3,128231840,60,3,7,4,5,1,1,0.9777743799209531
36,134740009,158677041,195835299,0,1,147816102,36,6,5,7,6,1,1,0.9993064044760089
31,114572020,77950621,76394131,0,1,148459626,60,3,7,2,5,1,1,0.7897418797516814
24,63958198,180899839,81313514,1600,1,127616533,24,6,5,5,7,0,0,0.2956268109633887
49,135856009,92676987,1961622,1000,0,85482443,60,10,7,5,8,1,0,0.4591865529774869
51,74580330,103024280,61955913,0,1,35184271,36,3,7,5,5,0,0,0.012460695763924034
44,83134092,145239479,195385502,3000,0,60150154,36,10,7,3,5,1,1,0.9999995116200608
58,116036656,374618165,74190929,2000,2,5862765,48,8,7,10,4,1,1,0.9244874521075139
50,125407654,42744318,42910841,0,0,170131930,120,8,5,10,5,1,0,0.00013942008438343816
31,110505018,6031258,20719429,1000,2,121528963,36,10,5,5,8,1,1,0.9999228375949558
39,75243957,174015076,15267128,3000,1,182199161,48,6,4,5,8,0,1,0.7597224433897058
44,28924326,257201934,165984462,0,2,172376347,120,8,7,5,5,1,0,0.052191433201589046
57,82791541,212667297,114523449,3500,0,28001030,48,8,7,5,5,1,0,0.007378844298261258
55,26626734,279353497,96574290,0,1,199833615,48,6,7,7,7,0,0,0.003965653224637892
42,54610095,496817724,64900956,2000,0,187129881,12,3,7,5,4,1,0,0.0006607219270909352
33,140597690,390083761,86681643,1600,1,35542619,36,3,5,3,5,1,0,0.014292793005749848
40,86893032,269689659,62259954,2000,2,122402904,36,8,7,7,7,1,1,0.9884623426482699
63,141605227,246917970,102456545,0,0,34987599,24,6,5,5,7,1,1,0.9999888255080928
39,149690966,2964107,192950506,1600,0,163485268,24,8,7,4,5,1,1,0.8884981227912617
46,119209507,315229148,194458716,0,0,26073014,12,6,7,10,5,1,1,0.9998912581967764
35,131280139,170508546,6361106,2500,0,30120834,60,3,5,4,6,1,0,0.16457848670252867
64,139319314,258839334,185049397,1600,0,193051018,12,8,5,3,5,1,0,0.2625449806110026
49,99133982,252832871,163472480,1600,0,23208996,12,6,5,5,8,1,1,0.9920954341558784
58,26527876,178105658,142290848,2000,4,51956711,60,6,5,5,5,1,1,0.9999992943015925
59,107405274,86780340,153644534,3000,0,114211182,84,6,7,9,5,1,1,0.583779923402441
48,74592029,101143970,20062898,1000,1,192391259,24,10,4,5,8,0,1,0.9993130282714421
51,79631665,80187117,11108724,2500,0,143140701,84,8,7,2,8,1,1,0.9777746603896988
32,45717175,271768048,140612707,2500,0,28040553,12,8,5,9,7,1,0,0.003986120033252097
59,105591947,177633609,181108332,1600,0,178768574,120,6,7,4,8,1,0,0.07874555241352925
62,70737428,435363153,119138699,0,0,129029092,24,8,5,10,7,1,0,0.0011879621807095475
55,104216899,398538403,36349516,1000,4,35700385,60,8,4,7,5,1,1,0.9999975404056296
22,33851662,366384417,89801115,1000,3,145685279,60,6,7,5,5,0,1,0.9999958604540345
62,30063501,365318460,72140640,2000,1,134442722,12,6,7,7,7,0,1,0.9999643664436668
44,136142614,363882020,21995847,2000,1,62252753,36,8,5,10,6,1,1,0.7798038818652451
58,125548184,470937525,47456349,1000,0,91916070,84,10,7,4,5,1,1,0.9990591340020092
25,21785314,160794132,144841164,0,3,42656209,60,6,4,7,5,0,0,0.10607492004865383
37,93726731,188319925,157607009,0,1,160847040,60,8,5,4,5,1,1,0.9999925410782908
32,97985152,337011497,41309593,1600,4,106462968,84,3,5,10,5,1,1,0.9999999591486864
29,59928934,265977849,59765166,2000,2,157345137,12,8,7,7,8,0,1,0.9275222837323729
58,77734982,361804718,66259353,1000,0,131614842,24,8,4,5,5,0,1,0.9999964056488257
46,95369639,275745147,29055223,2500,0,76017872,84,10,5,10,7,1,1,0.9999993326240875
47,52970031,234108798,105588800,0,2,22686019,84,6,5,5,7,1,1,0.9999990511567333
47,122965796,241951746,101313862,2500,0,60307855,60,8,5,9,5,1,1,0.9999999458848856
39,83599887,35944727,123026436,0,0,180848704,24,6,7,2,7,0,1,0.9999998592007394
24,51240600,362926542,137976402,0,1,60734284,24,8,5,4,6,0,1,0.9999918914951861
39,134120150,51200174,179499975,3000,3,42099311,48,10,7,5,5,1,0,0.38943045102966506
41,92763266,190347767,6063320,0,1,84682370,36,6,5,7,5,1,0,1.5238748884919769e-05
46,30355010,34253783,127627897,0,0,157777111,84,3,7,7,5,0,1,0.6838619011020496
29,42024912,183164262,32816657,1600,0,112056340,48,10,5,7,5,0,0,0.002640547014162143
40,81488777,410536111,126665426,3000,1,6254010,120,8,7,3,8,1,1,0.9156767270193578
53,100238545,241252795,45146153,2000,2,151899009,36,8,7,7,7,1,1,0.9999984392871244
32,130522352,44853975,99527642,0,0,49275437,12,6,4,10,5,1,1,0.9784604333377269
33,88614957,295679071,67268024,0,0,61334405,36,6,7,7,5,1,1,0.9998274094453823
35,123680522,79821433,70932550,3500,1,34548063,48,6,5,5,4,1,1,0.6432923495876499
46,61046642,329393058,188896955,2500,1,133872500,120,6,4,4,5,1,1,0.9999990430554624
44,74415697,146577971,114242664,2500,1,91661708,120,8,5,10,8,1,1,0.9954757263323509
27,85395687,247762311,53841983,3500,1,158844458,60,6,7,9,5,1,1,0.9995060557187326
63,62393787,391549338,161619796,1600,0,131178326,24,2,7,5,5,1,1,0.9998122330974353
57,92368666,458074598,128365613,2500,3,102994329,36,6,7,7,5,1,1,0.9999997387217979
44,43747409,291711007,1480691,1600,2,134466621,12,6,5,10,5,0,1,0.9999995453472501
43,29983438,254541653,175836281,3000,1,144306058,60,6,7,4,7,0,1,0.9351898894902517
45,145085463,438739597,13551456,1600,1,14342835,12,10,5,5,5,1,1,0.9999951773040294
31,58447183,489464823,116472343,1600,2,15885820,60,8,4,3,4,1,1,0.999181294364387
41,35022588,146698072,199215825,0,0,78248845,12,10,5,5,7,0,1,0.9999868605303401
53,22178319,146220902,20564044,2000,0,100978510,84,6,7,3,5,0,1,0.9815013866071517
32,76105962,407776127,36413502,0,1,152075257,36,8,5,3,7,0,1,0.7645177139538528
59,29490467,310981312,37629669,1600,1,185251060,60,6,5,5,6,0,0,0.00016346020737392604
49,21240635,292134101,124540079,2500,2,143890651,12,6,5,5,7,1,1,0.9999988683047927
35,56904163,442559660,68224462,1600,1,57434553,12,3,7,5,6,1,1,0.9999999616994927
24,87715151,121288601,102784238,1000,0,112620709,84,3,5,2,7,1,1,0.9998430950298749
43,44857367,215622895,50671212,0,4,42401662,60,6,7,4,7,0,1,0.9999726878701578
56,94008731,300070241,150326158,0,2,48658580,84,6,4,7,7,1,1,0.996898382582037
40,109722239,190293597,91367086,2000,2,161156468,36,6,7,3,6,1,0,0.0001956167300134419
32,94759154,486967702,36658672,3500,0,13542708,120,6,7,9,5,1,0,0.22187645614610638
54,136272570,159127498,133558958,0,0,197552745,24,8,5,10,8,1,0,0.08943995837703912
26,58026952,215541023,7985531,0,2,9504514,24,8,7,9,5,0,1,0.999998559089086
27,21889437,181673616,152667927,1600,4,92941672,48,6,7,5,6,0,1,0.9318614128050687
50,37517144,259275878,136049298,1000,1,83763933,12,6,5,5,5,0,0,0.0002567219075433978
46,121610012,387580464,89207465,0,2,55163544,48,6,7,5,4,1,0,0.02549256175927554
51,122223115,373363218,15317268,2000,1,178250419,48,8,7,2,5,1,1,0.9985311622758641
24,100139914,70489668,59686987,1000,0,162603913,60,6,7,9,5,0,1,0.995823479688
22,78805895,362104915,190637528,0,2,171267023,60,3,5,5,6,1,1,0.9999729115659642
29,102144420,357174137,67376392,1000,1,168538652,120,6,5,10,8,1,0,0.300672660225406
54,32835836,8054109,163866924,2500,1,15434137,48,8,7,10,6,1,1,0.9993966140708513
22,56004100,361457526,14924824,2000,1,85446026,12,10,5,5,5,0,0,0.25869278512639876
40,53024032,161334068,39615424,1600,2,119882166,36,6,7,5,6,0,1,0.9999289639462021
38,110229403,477230213,49722823,3000,0,122247657,84,6,7,10,6,1,1,0.999599383001573
23,100543869,60045353,87565162,3000,1,175489497,84,10,5,3,8,1,0,0.47476035542616196
41,141230796,159076092,27399365,1000,3,17230737,60,3,7,10,8,1,1,0.777716948416796
33,31931088,229925540,179059767,2000,0,191509106,120,6,5,5,4,1,1,0.9991962192644646
32,101292894,404516349,151347815,0,0,57392175,120,6,7,5,5,1,0,0.00863231035354196
29,32362174,397727455,149410816,0,0,53710919,60,8,7,7,5,1,1,0.7583850637993592
25,94994825,143451774,33800269,0,3,136171483,48,6,7,5,5,1,0,0.12938545737427812
45,128438025,467029910,11854557,0,0,25134409,12,6,5,4,5,1,1,0.9909141039320006
56,79514641,32502744,91751106,2000,2,128113428,24,6,4,7,4,0,1,0.9985969846809384
30,75660172,20625161,125128325,1600,1,101546932,12,6,5,7,5,0,1,0.9999636468930033
35,67014122,109370161,171785077,0,2,197072478,12,2,5,7,4,0,1,0.9999960837794928
31,28553768,344736949,123490396,2000,1,155973496,60,8,7,3,6,0,0,0.0003848743124158756
64,83480253,494418816,122038966,1000,3,164148682,12,6,5,4,4,0,1,0.9207140549959238
65,50951077,43803351,158799062,0,0,24866735,120,6,7,2,4,0,1,0.9999982888660569
48,141229691,49340458,19519507,3000,3,147685261,84,6,7,5,8,1,1,0.9999954452934352
41,55444584,396338743,28768534,1000,2,91942230,12,6,7,7,4,1,1,0.9939053255231352
63,24271370,261191652,100432011,0,4,125081992,36,8,7,5,5,0,0,0.049785070760628505
40,87876444,18076330,4813407,2000,4,45973377,60,6,4,5,5,0,1,0.9999898171819541
47,86129952,75680475,39346573,3000,0,90126415,60,6,7,3,5,0,0,0.0038756398362522733
29,111148748,40713844,177056542,1600,0,139703326,12,2,5,9,5,1,1,0.9999991844585151
44,78667073,61169287,31532119,3500,2,24964921,12,3,5,3,5,0,0,0.05664583503860142
33,47565830,386638111,1236590,2000,1,175703710,60,6,5,10,5,0,1,0.5193590715642241
49,107258802,465891496,172356969,2500,2,147334005,24,10,7,10,5,1,1,0.9635874453966499
25,102688894,32202558,23350593,1600,2,16129227,60,6,7,3,4,1,1,0.9972516988002146
62,130882746,393480363,56330022,2500,1,73396676,60,6,4,5,5,1,1,0.9988918131219171
61,147086694,481175066,186546454,3000,0,6455288,60,2,7,9,4,1,1,0.9994554799172044
34,144873909,100008130,3509512,0,2,105091457,36,2,5,3,5,1,0,0.0003421847648190221
59,104440584,312966518,160288653,2500,1,81924675,12,8,4,3,7,1,1,0.9544548150866757
34,95032311,149323006,166065136,2500,4,161082044,12,6,7,7,4,1,0,0.005855896515570572
60,64325653,224671526,4664466,1600,1,149247159,24,8,4,2,5,0,1,0.758759609354301
33,34012992,335469452,168978013,2000,1,36390189,24,10,7,2,5,1,1,0.9998271616075493
36,130439448,450333042,179804745,1000,4,166290519,48,6,4,5,5,1,0,0.011915462182465664
51,110848377,273023036,27130021,2500,0,31570398,12,3,4,7,5,1,1,0.9984229265693524
25,73392201,482919387,77659555,0,3,104096977,48,6,7,5,5,1,1,0.9998235318677788
24,133058572,166807445,182572142,2000,0,48985933,36,6,7,10,6,1,1,0.994852345972916
44,22888402,417062716,126391493,3500,1,175360897,36,3,5,5,4,0,1,0.9875341526637869
53,82416409,271559152,189995254,2000,0,178458221,120,2,7,5,6,1,1,0.9987901037610938
49,86162431,22732313,99470264,1600,1,170873512,84,6,7,7,5,1,1,0.9999999836010878
54,148269389,1788772,109497686,1600,2,156048330,36,6,5,5,7,1,1,0.8000763109121316
54,124019844,215092933,19953424,2000,1,155452519,60,3,7,7,8,1,0,0.04952288646085676
31,88350143,136338526,76446141,3000,2,113000580,36,8,7,5,5,1,1,0.9998754140853447
57,102388031,495297490,95037782,3500,1,24250440,36,8,5,5,6,1,1,0.9998441708158317
38,61282095,227808186,167414889,1000,0,99041074,24,3,5,9,5,1,1,0.9996067714776041
27,119393874,16985660,130581621,2500,0,190246961,24,6,5,4,7,0,0,0.09954878133184722
29,117776730,347637066,98451281,1600,1,22738993,60,8,4,2,6,1,1,0.999991909332657
59,149518584,485032268,128484794,1600,3,107109293,36,3,5,5,6,1,0,0.09110536733604098
39,114264450,99458679,44478287,0,0,93813641,120,6,5,5,5,1,1,0.9999640059143405
49,76579993,270934971,163792673,0,4,42480896,60,3,4,7,7,1,0,4.607465794021842e-06
47,50406601,72051981,151681706,1600,1,87554863,48,3,4,7,4,0,1,0.9999996564225336
64,145965822,68607405,116814381,3500,4,198103958,48,8,7,7,6,1,0,0.16587092848855808
52,118157853,57397983,14240019,1600,1,85811227,24,8,5,7,5,1,1,0.9999897417601492
56,55180599,326965680,156999834,0,3,113566059,60,8,7,7,4,1,1,0.9999998168140616
54,112032319,49436514,62047370,2500,1,29910551,24,8,7,9,8,1,1,0.9716583820305789
28,35017327,449946526,27147506,1600,1,185878438,24,10,5,5,4,1,1,0.9999990282415754
51,45289554,460894616,144628286,1000,2,91460189,48,6,5,7,8,1,1,0.8698372002220602
36,81037426,177922955,7358744,0,1,166149225,24,10,5,7,8,0,0,0.055778295807128085
29,117447927,307057577,116064449,3000,0,172607094,36,10,5,3,4,1,1,0.9999907314980672
56,141711250,271451065,168290134,1600,2,166522481,84,2,7,10,8,1,0,0.09784141041551198
61,66292101,469667507,51325360,2000,2,196308708,120,6,5,9,5,1,1,0.9916069960075168
55,136966600,278901340,57713255,0,0,85915712,84,6,7,5,7,1,0,0.2125284625915057
30,117034577,216223679,18727665,2000,0,10671795,48,6,7,5,8,1,1,0.7445661162509591
34,104992277,203997181,32624223,1600,0,24475854,24,10,7,5,4,1,1,0.9999957667579332
35,117058416,51629404,122194729,2000,1,105026521,36,6,5,3,5,1,1,0.9978378733492721
61,61210126,139830703,130823496,0,2,165603832,120,3,7,3,8,0,0,0.013574852507368696
22,111402207,438339759,155245010,3500,2,124578461,36,3,5,10,4,1,1,0.9953562415700469
26,61385762,382534287,98262153,1600,0,132207721,60,6,5,9,8,1,1,0.9593906172535506
42,65134981,390260287,86370573,1000,0,154075800,24,6,4,10,6,1,1,0.9612093954196536
24,64442549,436836363,77390540,0,0,171956894,12,3,7,10,5,0,1,0.9999595143474775
43,129744166,197393754,143326317,0,1,31305005,12,6,4,2,5,1,1,0.9995418731651834
27,103003542,124408157,120285317,2500,3,187520107,120,10,5,5,4,1,1,0.9988314422500926
25,137329404,132383586,75489457,1000,1,161905080,60,6,4,5,8,1,1,0.9898602013868686
54,27207880,24903938,14566545,2000,1,17620053,120,6,4,9,7,0,1,0.9522796623379605
50,67157968,401382835,84404713,1600,2,114111585,36,6,5,5,5,1,1,0.9999577950429595
57,108203851,356385896,112755660,2000,1,61844384,36,6,5,7,5,1,0,0.006739425452940156
55,46182820,20609022,156161529,0,2,157441700,24,10,7,3,8,0,1,0.9999321394331181
38,26604336,76809276,48730799,2000,3,165839210,120,6,4,3,8,0,1,0.9999991357070526
52,79346151,396084568,125159567,0,4,79004880,120,6,5,10,5,1,1,0.8868313047755184
41,148270583,294156922,117968382,2000,0,89992867,84,6,4,5,5,1,1,0.9989128665069308
56,129019155,10596123,199648782,2000,0,157166240,12,8,7,5,4,1,0,0.0021498861305296645
62,87924585,146452873,123829931,1600,4,116500202,36,8,4,7,5,1,1,0.9951799412333178
53,78508342,290166095,127330911,0,0,40777506,60,6,5,10,5,1,1,0.5501017213625151
63,142314387,266445164,165063028,2000,2,18835080,24,3,5,5,5,1,0,0.25139014466038423
51,140325791,152781530,104846807,2000,1,138273523,24,6,7,5,4,1,1,0.9745346651456276
57,55848462,333318036,86288998,2000,1,188630846,24,6,7,5,4,0,1,0.9999518853088153
26,122406484,273339749,121535512,1600,1,81871673,48,8,7,3,7,1,1,0.9884225266823911
55,64098638,67398914,102311239,2000,1,91859150,12,10,7,5,4,0,0,0.001916400754476843
43,127024924,454454852,140692632,0,0,177020486,84,6,7,10,8,1,1,0.9998108858890387
57,25394891,456755483,68135273,1600,2,116732189,36,6,5,3,6,0,1,0.9997950996285021
27,77024372,111953100,58010142,3500,2,40437976,120,6,7,4,5,0,1,0.9997961098601988
24,26949632,220003159,95504807,1600,2,6075920,36,6,4,7,7,0,1,0.7404347635382156
35,24861608,344817870,54244055,0,2,171653521,48,3,7,3,7,0,0,0.03682346383066948
45,44637475,411381967,121581789,2500,1,63597751,48,8,7,5,5,1,1,0.9998678188151856
49,58747484,475731839,164543242,0,1,34485453,48,10,5,7,6,1,1,0.9999624744647633
50,132912413,231245105,89184791,3500,4,189728250,84,6,5,5,7,1,1,0.9999999316044956
50,76804131,472468022,110679639,0,0,45065978,60,10,7,9,5,1,1,0.9986965458081626
43,49349199,176438924,27414888,2000,1,177512203,84,3,5,9,5,1,0,0.00027127848786000355
51,104886479,385065645,16560854,3000,1,73882095,24,3,7,3,5,1,1,0.9999997851650761
38,46164292,473918449,133953780,1600,2,150701774,12,6,7,5,5,0,1,0.9859901693230237
62,62162754,211379388,97022027,2000,2,112704829,24,10,4,4,8,0,1,0.9999868080875071
36,31994970,282561335,186452530,0,0,119631679,48,6,5,9,5,1,1,0.8966611341228251
22,90913744,484461436,66237754,0,2,48052564,48,6,7,5,7,1,1,0.5757688064934753
22,80858452,422182745,104847331,1600,0,116928497,120,6,4,4,5,1,1,0.9945834048648022
44,63407321,248787572,106279661,2500,0,189493181,36,8,7,7,6,0,1,0.9723643497499918
44,59392275,63240128,176622857,2000,0,149907114,12,3,5,7,6,0,1,0.9999955158242302
38,80295852,295156586,104140756,2000,0,14687223,120,3,5,5,7,1,1,0.9397954573497006
56,44642216,339180044,35128766,2000,4,132698198,48,6,7,5,4,0,1,0.9999998525372857
33,115553399,430325943,82463515,1600,0,152089027,48,2,7,9,7,1,1,0.7954924064640477
24,27244638,217920184,159474653,0,2,86241490,36,10,7,9,7,0,1,0.9995942713656056
24,114241055,357610738,161283334,1600,1,35431543,60,6,5,7,7,1,1,0.8437711710903071
62,77349571,236058372,161538124,2000,3,27552651,12,3,5,10,5,1,0,0.0002721439686025991
60,92044394,54075378,164099875,0,3,123994419,36,3,5,4,8,0,1,0.5272928019646262
33,130906662,216803016,92354660,1600,1,48465865,120,8,7,9,5,1,0,0.00016757260405934112
51,64944932,301672482,193030510,0,2,29193528,12,3,7,10,7,1,1,0.9983376797141795
53,102324216,434676423,129152990,1000,0,155902187,84,3,7,3,5,1,1,0.9999991322839197
30,116873334,157022001,36557706,0,1,121044074,12,3,7,5,5,1,1,0.944992367820498
56,125985923,105230873,166477073,2000,0,174932222,60,6,7,3,6,1,1,0.9908587465726907
22,29059790,428285951,6360408,1600,0,112162220,60,6,7,3,5,0,1,0.9999999105464965
34,72299915,156244163,73105759,3000,0,52577259,12,8,4,5,5,0,1,0.9727937998191892
28,99022167,61419989,20867010,3000,0,186856152,48,6,4,10,5,0,1,0.956033774878486
55,22564347,215530622,25488611,1000,3,138305742,84,6,4,5,6,0,1,0.999734026716128
62,85030092,406558895,146652145,0,1,172945957,120,3,5,2,4,1,1,0.9998787056956182
47,133634185,465565587,42867975,1000,1,20906763,24,6,4,10,6,1,0,0.2185478856117577
57,89597832,196988914,148833152,2000,0,46538962,48,10,7,7,8,1,1,0.9999958972208968
56,79010397,36525888,154831358,0,1,21476474,84,6,7,4,5,1,0,0.007473855724843192
39,32829079,390095964,101335435,0,2,132222398,120,8,7,5,4,1,1,0.9999997078326107
30,77440374,410076829,143531721,2000,2,196222341,36,8,5,3,7,0,1,0.8093655445296682
35,47324955,258922656,178062498,1600,2,112364458,24,6,5,3,7,0,1,0.997012491834855
38,40126048,154624258,117463962,0,0,182799983,36,6,7,10,6,1,0,0.14963022027928843
50,93896154,38815942,175349972,2500,0,95458485,12,3,7,5,5,0,1,0.9993203803956374
38,50299465,162853667,80896053,0,2,145016185,120,6,5,3,6,1,1,0.9999285749900175
62,89092302,266802550,183855442,2500,2,16282203,24,3,7,3,5,1,1,0.9999990896353225
38,108737906,383060875,172819184,0,2,100711183,48,8,4,5,6,1,1,0.9999999779490492
57,22344928,120515868,25340369,0,1,162725279,60,8,4,10,5,0,1,0.9999998721518856
55,146541257,84486075,48107578,0,0,116445337,60,6,7,5,8,1,0,0.0017647155065696246
63,82840968,469059165,87165646,1000,1,126621402,60,6,4,2,7,1,1,0.9999999172860738
22,68659779,236842630,72588518,0,2,11706153,120,6,7,10,5,1,0,0.0041886820143748294
49,50783686,353633959,187017377,1600,2,34646248,48,10,7,5,5,1,1,0.9999059573541935
62,81633269,64985218,75465554,3500,1,183994213,36,10,4,5,8,0,1,0.9998303424763026
22,107470127,79046168,165384781,1600,3,148046016,60,6,7,5,5,1,0,0.0003912921399792932
25,123098193,179580912,54397464,2000,1,140641221,60,6,7,5,7,1,0,0.009309454953218834
61,44568135,176512134,113997463,1600,0,19615653,84,8,7,4,5,0,1,0.9962401363747144
46,124532437,234899610,25713621,1600,2,123602912,24,3,7,5,6,1,1,0.9733579947401031
41,129011396,479859844,43781232,0,2,63579779,12,2,7,5,5,1,1,0.9995257311458053
64,93223259,352716347,138690168,3500,4,91117304,12,6,7,5,5,1,0,0.3022829116840971
60,38923776,239511865,190346621,0,0,141866681,36,10,4,3,6,0,1,0.999999536714557
33,82752751,385785719,81206841,1600,1,97470076,48,6,7,10,5,1,1,0.9999906002986209
62,88669459,211968627,183975345,0,1,179797262,84,3,7,7,5,1,1,0.7394464802791297
29,109545365,144062564,152667810,2500,4,72667322,120,10,7,3,6,1,1,0.9993155930375912
34,127863972,219219922,163085898,2000,0,188849794,84,6,7,4,8,1,1,0.9999999686272113
23,124488180,78323689,26117271,0,1,75229272,24,6,5,5,7,1,1,0.9999998745318435
35,62972930,148031920,71092328,1600,0,142426022,120,2,5,2,8,0,1,0.9999902532509208
60,101655539,7404430,41781486,0,3,154462170,24,6,7,10,5,0,1,0.9816050955231869
50,49167992,187040373,180456314,0,1,124190596,48,6,7,9,8,1,0,0.00048518454761844505
39,81427007,482194628,14738250,1600,3,80314833,48,6,7,5,7,1,1,0.9998125594644169
54,135549526,265096777,147403727,2500,1,199906873,48,8,7,7,5,1,1,0.9999790782343823
35,148665757,183537475,10470890,1000,2,98991307,12,8,4,7,7,1,1,0.9999631952623393
32,26991655,308019264,29130418,0,3,118053806,84,10,7,5,6,0,1,0.9999996862122987
37,43612084,323792794,125153883,2000,1,34068611,60,6,5,3,7,1,0,0.11522947505781926
42,138888399,453055875,94909285,1600,2,41094926,60,6,7,7,7,1,1,0.6362654745334239
31,38545065,486640075,144010319,1000,4,155188390,60,6,5,7,8,1,1,0.9803021794729057
52,53808157,4029144,183107479,1000,2,102889832,24,6,5,4,5,0,1,0.9995639871821577
40,73983986,142832494,25210521,2500,1,96553119,84,6,4,7,7,0,1,0.9989595678893904
28,136759037,221254740,188531948,1600,3,16887520,84,6,7,5,7,1,1,0.9999999156113548
26,29010010,495132819,32644417,1600,1,37930712,120,2,7,7,8,1,1,0.958921820025541
54,135551162,380397254,46524889,1600,0,71268403,24,6,4,9,4,1,0,0.0028544039096190946
26,138877424,63278171,157019601,0,1,151259482,120,8,5,4,6,1,1,0.9855282589159773
52,82438253,400802838,162311738,2500,0,61825285,120,8,7,5,5,1,0,0.18794358866553895
54,37155491,346922693,78973304,0,1,180652680,84,3,5,9,6,0,1,0.9999933678841653
22,131435083,80804790,97717210,1000,0,99693551,24,6,7,5,7,1,1,0.9413773829998693
37,36965164,343293251,57185511,2500,1,150314445,12,6,4,7,8,0,1,0.9990163275914546
55,105030081,371689582,32879804,0,2,30349334,60,6,5,9,6,1,1,0.9566685573145732
23,35246419,195885871,118787488,0,1,35901273,24,6,7,4,7,0,1,0.9751698103646773
45,145806567,289889921,22864414,2000,0,73424545,60,6,5,5,5,1,1,0.9999251625200059
33,77296075,235144238,120502267,0,2,161475350,60,6,5,10,7,1,1,0.9323189073082863
37,124777257,216400780,128289432,0,1,182742069,60,6,5,5,5,1,1,0.9999999210714492
45,33760920,169582266,67621598,2500,1,147507326,24,6,7,5,5,0,0,9.950010432668538e-06
44,109428311,89276429,28228360,1600,3,156512164,60,8,5,3,7,1,1,0.9999809083142045
61,59837503,339265705,58133252,1600,3,151369045,60,6,5,2,8,0,0,0.0007346630330830011
39,73966242,256607870,51876804,0,0,117078812,48,6,7,7,5,1,0,0.015723733127041117
56,122255851,96691329,160603876,0,3,52435730,84,6,7,4,4,1,1,0.999999938280733
43,90592786,358609615,178847565,0,0,40261162,36,2,7,3,7,1,0,0.20924107965528643
47,36573138,311944471,8858544,1000,2,199440518,24,6,7,2,6,0,0,6.0834590897290354e-05
47,38584914,307614101,80979439,2500,0,136279776,24,8,5,5,5,0,1,0.9999543580032438
36,67569526,336386657,27498670,1000,0,32503801,36,6,7,7,5,1,1,0.9999999045855628
36,25323699,161016102,92201969,0,2,92613964,48,3,7,7,5,0,1,0.999089849193899
43,74643330,388140832,89990757,1600,3,5707801,120,6,4,10,8,1,1,0.9683204750723885
49,95038089,336057230,180927685,0,0,73497104,120,6,5,2,7,1,0,0.00030501928583104597
47,29234864,475090355,130646253,1600,2,67464412,84,8,4,4,8,1,1,0.9979840137530309
49,66638249,40744988,21181267,1600,0,53117062,84,6,7,10,7,0,1,0.9986232594170523
51,148792632,296386149,115825583,3000,1,68072398,48,10,7,7,5,1,1,0.9969576561909219
49,132583014,343124967,158935913,3500,2,11103017,60,6,4,5,7,1,0,7.661507647501116e-05
23,77492795,377895621,156199196,3000,1,79360349,120,3,7,2,5,1,0,0.00765820339224415
52,105903808,239496966,197617331,2000,0,110324750,24,10,7,3,5,1,0,0.02411433490776908
31,89273936,346353675,189246580,2500,2,100762380,36,6,7,9,8,1,1,0.999094412208753
32,134102684,285174714,71126664,2000,0,107625488,84,6,7,5,8,1,1,0.9994303030290821
49,101561552,77656510,187342711,0,1,69358568,12,6,7,3,7,1,1,0.9973542811656967
53,103027442,94336145,180170965,3000,0,143780632,48,6,5,9,8,1,1,0.9999598764496367
35,69011002,158481826,13188177,1600,1,46895561,12,10,4,7,6,0,0,0.35984658801710956
46,55635647,26984880,191582510,2000,3,97066898,60,6,7,5,6,1,1,0.9996127246569032
59,141417136,41922859,192349075,2000,0,83332253,12,6,5,2,7,1,1,0.9561030758741577
56,36472655,19332780,148860993,0,2,93555294,12,6,7,4,6,0,1,0.9999986913576601
40,47116487,20613906,100563369,1600,1,182192900,48,8,4,7,5,0,1,0.9521058725392572
46,133441365,343443039,45837047,1600,2,169839138,36,6,7,10,5,1,0,0.014787001131122305
53,102985508,223493145,137163033,2500,4,31651261,48,6,7,10,6,1,1,0.9999976803860571
52,126951379,463104087,187295357,2000,2,169541467,84,6,5,7,6,1,1,0.9999984578530564
48,148169945,339423192,89626171,1600,0,12210486,48,6,5,9,5,1,1,0.9892665683592475
33,101622297,138909747,13333110,2500,2,111523660,60,6,7,10,4,1,1,0.9609671051218441
57,77207546,180633194,29171826,2500,0,46615816,84,8,5,2,6,0,1,0.9998559657303724
43,66848814,22046108,67092790,1000,0,83042293,36,6,7,9,8,0,1,0.9999951443277774
25,133641959,450362905,44001995,3000,2,139251822,84,6,7,10,7,1,1,0.9815613344971515
56,54153722,40168433,76189152,0,0,174121678,84,10,4,4,5,0,1,0.9996338931915906
49,71078213,458539099,153106266,1000,0,177926686,24,6,5,10,7,1,0,0.019627305913290826
42,79666063,399645002,124082874,2000,0,135673925,60,10,4,9,4,1,0,0.26351578105862145
62,36244353,335100814,15049603,2000,1,114613088,120,3,4,2,4,0,1,0.9993693796050547
63,125048816,469630114,54974285,1600,0,52676063,12,6,7,4,5,1,1,0.9999639078442658
63,42021544,308907639,139788478,2000,2,81968338,84,6,7,3,6,1,1,0.9944924548110556
48,66069033,84350821,108794715,0,3,98744658,60,6,7,5,6,1,0,0.15545376957818782
23,116797606,452328031,163416077,1000,2,61916126,48,3,5,10,5,1,0,0.000786787470213422
54,146441458,6194160,108689037,1600,0,136007853,48,6,5,10,6,1,1,0.8830107289802431
25,71926196,82997230,192087460,1600,1,158669328,120,6,7,10,6,1,0,0.023560506602679415
33,42178146,167260487,40568158,2000,3,107932519,120,6,5,10,8,0,1,0.9989726066874325
51,77270090,104887706,189577931,1600,2,111889338,60,8,7,10,6,1,0,0.2506161382313858
64,142710676,53442647,121464918,0,0,171999627,48,8,4,7,7,1,0,0.0035020749822151902
61,105280176,94073463,8387602,2000,0,125035595,120,6,5,2,7,0,1,0.9999998372939596
24,110552982,183246789,78114875,2000,1,61583068,24,3,5,10,4,1,0,0.0069719603465416904
62,89635808,235652200,114753861,1600,0,196262719,48,3,7,5,4,0,0,0.007971074104919457
40,98141851,236717451,88141288,2000,0,132795834,120,8,7,5,6,1,1,0.9954210379014661
29,136786185,155596801,17210908,0,0,184051231,60,3,5,7,5,1,1,0.999840350043852
58,23619707,225544643,105052269,1000,2,116276530,48,10,5,10,5,1,1,0.999994509936402
46,71884215,197612825,126670267,0,2,17384609,36,2,7,4,5,0,0,0.057359551369435505
33,100202723,161743880,122654653,1600,2,175620759,12,6,5,10,7,1,1,0.9995540425546393
54,149856907,348736415,75303928,1600,0,167967889,24,3,7,5,7,1,1,0.9939200971717226
56,122397989,118236858,144165045,3000,4,162251453,60,3,5,4,5,1,0,8.463955192404607e-05
43,77681188,173817543,190720673,0,3,112609978,36,6,4,10,6,1,1,0.9999999076168201
56,90356489,34566667,123250565,2000,0,58531495,120,8,7,5,5,1,1,0.9999999043453787
48,81320839,253618777,64117461,0,2,13399193,60,6,7,5,7,1,1,0.999951751746386
38,64019459,126280535,197517148,3500,3,37381099,12,6,7,3,4,1,1,0.9816408881805324
53,85261065,271610047,117776501,2000,1,73270549,36,6,5,10,6,1,0,0.0002871359908175192
53,102540864,29937313,99629687,2000,2,78619558,120,6,5,4,8,1,1,0.9988605165347143
37,146591465,110047520,168583516,2500,0,106922616,48,6,7,10,7,1,1,0.9229418191927763
31,25455329,420461921,147566967,1000,1,127612901,36,6,7,9,6,1,0,0.005580744854790447
22,42068696,5263023,35266170,1600,0,142330167,48,10,7,7,7,0,1,0.9999887833000367
53,148337879,26121831,180707837,2500,0,115026137,84,6,7,7,8,1,0,0.0029325150636638534
40,90820389,411368243,129020641,2000,0,20197238,12,6,4,9,8,1,0,0.0005667619414462233
29,26106488,148548109,24408712,2500,3,145141497,84,3,7,5,5,0,0,0.00150019848719002
40,138747810,377593637,86754216,0,1,124012074,120,3,4,5,7,1,1,0.9999428025762571
22,141205258,10011767,147853030,1000,3,141822548,48,8,5,3,7,1,1,0.9999977122738749
65,50238502,47626227,19598948,2500,0,111267943,24,6,7,3,5,0,1,0.962833303798412
44,42385672,246039093,189836776,1000,2,180394175,60,6,5,5,6,0,1,0.9999020727441201
49,100111284,239770562,130678946,2500,2,67051133,36,8,7,10,4,1,1,0.9982257426772484
57,25402780,1481360,148444367,3500,3,196451550,36,10,5,3,5,0,0,0.03989124864682118
38,50070843,387649009,163138675,3500,2,114292766,84,6,7,4,5,1,0,0.0025220003116917123
48,136903846,391959792,166580344,3500,1,23006251,48,6,7,10,6,1,1,0.9999715767434599
64,127328445,63896744,60473806,1600,0,37949075,36,6,7,10,4,1,1,0.9995427062143984
45,111778752,238638816,143297387,1600,1,72988225,120,6,7,5,7,1,1,0.9777343909170548
45,37821629,35059022,172174024,0,3,107336397,120,10,5,4,7,1,0,0.004923687657406076
42,44378538,481377673,33976317,0,3,131932272,120,6,4,3,5,1,0,0.0004164130060960452
38,40882369,88378433,106416114,2000,0,76223253,60,6,5,5,8,1,1,0.9967835322327514
28,99235765,183992538,196718158,2500,0,73927002,24,3,5,3,6,1,1,0.9999888666956588
58,101278096,201222569,67641981,0,2,31246635,84,6,7,5,5,1,1,0.9967686210888287
25,46849472,233151494,91458855,0,3,150690429,36,6,7,5,5,0,1,0.5455927039826866
32,47010181,156580571,125981710,0,0,82338321,48,6,7,7,7,0,0,0.08072978860073772
54,55669998,343687208,103265744,0,4,6857675,84,3,5,7,5,1,0,0.2286268324132084
29,110959688,385794432,41479743,0,0,147661233,48,3,5,2,8,1,1,0.9999797818188364
57,110783936,127017699,180688739,1600,4,105621192,48,6,5,5,5,1,1,0.9863708246925167
53,51498132,280762299,47520899,0,0,71477761,36,8,7,3,8,0,1,0.9999978572299597
22,124954930,214323920,40103718,2500,0,131766499,120,2,5,9,8,1,1,0.9995472538843198
44,129936755,359496237,94812843,2000,1,32515680,24,6,4,10,4,1,0,0.019244439009965773
44,109601722,392933428,127147766,0,1,181818805,48,6,7,7,5,1,1,0.9999934396227182
61,75739357,196354266,72194291,0,1,163363849,48,6,7,9,6,0,0,0.003661126808108106
45,134656822,355976494,111274299,3500,1,27435277,60,6,5,5,5,1,1,0.9904835701895444
33,146449536,286496822,119548817,0,2,94282716,48,6,7,3,5,1,1,0.9657953730008921
46,148038919,477514131,92204098,0,1,123140971,48,2,7,2,6,1,1,0.9999972796349169
64,61249712,37054374,127695583,0,1,21910160,48,6,4,7,7,0,1,0.996540767021013
57,148149872,39450914,144966274,0,0,27764092,84,6,7,4,5,1,0,0.014693568029401558
57,86587911,176217970,86635409,2000,2,165275325,24,6,4,5,8,0,0,0.11562145473230044
58,110339389,413692096,80727105,3500,0,71312712,120,10,5,5,5,1,1,0.999999993942629
38,70959745,339992755,118204797,0,4,151912682,48,8,5,4,7,1,1,0.9509037990643194
23,73970237,114088858,196385744,3000,2,85714890,60,10,5,3,8,1,0,0.004340964557947795
38,122136989,495118942,96418973,1600,3,6062365,24,6,7,7,5,1,1,0.6011539390255378
36,124104349,43724542,75563656,2000,0,156503616,24,6,5,3,5,0,0,0.0005190659683884196
42,42098675,390219819,195649670,0,0,50324319,48,8,5,2,7,1,1,0.9987646510770625
44,75450940,392367557,79866166,3500,2,76368108,84,2,5,5,5,1,1,0.9498302999274492
35,111508745,447921945,7933081,1600,3,55744315,12,6,4,5,7,1,1,0.9999901401467565
41,76022373,126071130,178310009,1600,0,167522787,84,6,4,3,5,1,1,0.9991913008776104
49,139552538,483984722,53929572,0,2,16280634,120,6,5,10,8,1,0,0.179828896185207
56,122701929,94434691,135279397,1600,1,78830137,120,6,5,10,4,1,0,0.1331939723144739
58,83277636,139659064,66580169,2500,2,30178485,36,6,5,3,8,0,1,0.9999999916395422
56,143222247,349588715,190753879,2000,2,162795180,36,6,7,5,8,1,1,0.5155914108180176
45,129343950,257043437,92139797,2000,0,10242232,24,6,7,5,6,1,0,0.2742423724982299
36,45766814,316534304,65369339,2000,3,113068845,36,6,7,10,5,0,1,0.9996281319373507
32,141917353,311719066,116085850,0,2,145951594,60,3,4,3,5,1,1,0.8750125723909464
55,57167069,43431453,81433012,0,2,163781776,36,2,7,10,8,0,1,0.999999403967853
32,52435400,265742963,90188864,0,1,168936550,48,6,7,5,8,0,1,0.9737556994839438
29,131116280,499504730,159256487,1600,1,122583828,36,3,5,3,5,1,0,0.0047633056467111705
45,66250630,79186510,52505514,1600,3,77851321,24,6,5,4,6,0,1,0.9999334640903421
53,146523914,248385056,46653180,1600,2,107155223,12,10,5,9,7,1,0,0.00022268493167922342
56,102697376,479043593,166530300,1600,1,190995513,60,6,5,4,7,1,1,0.9996529081092185
61,44680845,422470021,197727167,3500,1,188129321,84,8,4,5,8,1,0,0.13148323528385494
38,117013064,276852361,139234702,1600,0,187592898,60,6,5,5,7,1,0,0.02952290656454033
46,112317243,328659412,126257862,0,0,26820503,36,8,5,3,5,1,0,0.3121501340266079
59,58661133,378035805,167802720,2000,3,9549589,48,2,5,5,5,1,1,0.9688591930374582
25,136167296,251421530,9648824,2000,2,57977826,48,6,5,5,6,1,0,0.0010934665762157801
54,56837328,354648568,104768615,2500,0,54136566,36,8,7,10,5,1,1,0.9999998753258452
54,85920715,492322184,89847426,3000,0,37658992,60,6,7,3,5,1,0,0.003004171446749077
26,54477109,479061397,63775456,3000,0,189411849,24,6,7,10,7,1,0,0.2669582610877922
51,77903237,137778335,102592149,1000,0,195380326,60,3,4,7,5,0,1,0.9999996641649085
24,66730400,481921425,184229427,2000,3,141368820,12,10,7,3,6,1,0,0.00014276534402442125
30,20024248,165397497,108162456,1600,4,69663757,60,10,4,10,5,1,1,0.9706682665802698
61,81474311,353061139,3613327,1600,0,136605973,48,8,7,2,6,0,1,0.9997982286767784
52,111056133,60170220,64202688,2000,2,190158634,24,6,5,3,5,0,0,0.08327092676569975
41,36792677,419882362,109735375,2000,1,87174888,120,6,7,3,6,1,1,0.9999999949411624
50,141657397,77180884,192637077,1000,2,101994851,120,8,7,7,5,1,1,0.9821589662760463
29,38567134,302571098,33711934,0,2,108418178,120,8,5,9,6,1,0,0.00019141334880362176
29,39570796,318813217,89836953,2500,0,126796508,48,10,7,4,5,0,1,0.566992764236107
42,92465806,216041856,142301165,0,3,167581868,24,8,7,3,5,1,1,0.5789038586498331
47,123210820,313658539,77579780,3500,1,83707920,36,6,5,10,8,1,0,0.38334458223263823
23,22535344,268504542,192755827,1600,0,8787973,48,3,5,9,4,1,1,0.9904299506295435
35,34728948,321762080,88206961,0,0,44353545,36,6,7,5,6,0,1,0.8442279409793599
23,138720248,255123549,50040897,1600,0,151930901,48,6,4,5,5,1,1,0.929428127031843
53,52346473,58301483,13177427,1000,1,183227226,84,3,7,7,8,0,1,0.9677011919703793
36,148510198,4073124,111393506,1600,0,157402033,60,3,5,5,5,1,1,0.9999998045642531
34,49950263,145788858,166973151,0,0,182409496,120,6,7,9,8,1,1,0.9900992545435617
28,52939321,495946741,109910674,1000,0,155095456,12,6,7,4,8,1,1,0.9999997726886397
65,27047526,193993240,123258711,1600,1,35026291,12,6,7,5,6,0,0,0.0003395627063860755
61,119746293,4042338,35300244,0,0,103892728,60,6,7,3,5,0,1,0.9999983886186257
26,100567221,137324096,161437313,2000,2,182305971,84,8,7,3,8,1,1,0.9999978688394705
23,101851684,37330822,136550515,2500,2,47613021,24,6,7,3,7,1,0,0.12219702095381195
63,52429566,380330671,89896031,1600,2,7357910,60,6,7,2,4,0,1,0.9999999750082109
48,149191916,244048507,37596774,1600,4,150418372,60,6,4,10,8,1,1,0.9999991300988191
39,83606303,370830404,163555576,1600,3,128080323,84,6,7,10,4,1,1,0.9807307391327218
32,92875375,405990745,43137262,0,0,113160110,120,8,7,5,8,1,1,0.9999996705440193
22,106614821,109485063,179481393,1000,1,79827889,48,2,7,7,6,0,1,0.9995141344679347
63,116736469,455895970,183200108,0,0,79324158,12,2,5,7,8,1,1,0.9999999138154528
35,108519237,190854909,183508216,1600,0,73312019,84,6,7,4,8,1,1,0.9998654798761343
28,96607144,368955026,99048886,1600,2,182405102,60,6,5,5,8,1,1,0.9458564541372323
46,147074513,323555630,177959416,2000,2,193815897,24,8,7,3,4,1,0,0.003971377954362506
30,52778714,404084123,167279201,2500,0,137641934,120,10,5,9,5,1,1,0.9995934667451789
53,22482895,52318903,23051845,1600,0,100980677,48,3,7,5,8,0,0,0.0016502157594216204
50,36323525,80798977,144922164,1000,0,170229920,24,6,5,5,5,0,1,0.8628739667225116
26,26282173,450732288,20923970,0,3,175106225,120,10,5,10,6,1,1,0.9883141505515647
30,36176447,121671941,154663908,0,0,86483148,24,3,5,10,5,0,0,0.0027840039196261154
62,90298475,50143236,168245244,1000,3,131401279,60,8,5,3,7,1,1,0.9999422413053021
54,62809690,149128578,149953511,0,0,183101833,48,2,5,5,5,0,0,0.12800199576853785
30,45396664,419206365,177733719,1600,0,31392236,36,3,5,9,7,1,1,0.9888074381651821
39,72194689,25011133,141960186,0,3,158972569,24,8,5,3,5,0,1,0.9987846337243566
34,68560238,144503167,145133152,1000,2,92202310,120,6,4,2,5,1,1,0.9996360609374664
35,86713800,322699337,121676843,3000,1,130199729,84,6,5,5,7,1,0,0.39361110850786857
63,129583499,159148692,50869820,2000,4,90656517,60,3,4,7,5,1,1,0.999981400840907
34,36026910,418878722,168588127,2500,1,156914772,120,8,7,5,6,1,1,0.9993821544928054
34,71891683,394942868,171551791,1600,2,152376657,36,6,7,3,5,1,0,0.48491671044772494
49,28352853,444619068,93321253,3000,0,106413335,12,6,5,4,8,0,0,0.0025711907442793206
45,74796453,169913512,20405978,3000,1,131833036,12,6,4,5,8,0,1,0.8685649959275562
45,63301327,202165029,13007859,1000,1,149538060,24,8,4,4,5,0,1,0.9976400369262526
30,107468119,206736632,92446193,2000,0,198832806,24,6,5,9,8,1,0,6.42296758403684e-06
65,74951334,199203841,139477512,3000,0,148928090,60,6,5,5,5,1,0,0.019713002131673325
27,68016036,119143888,81175933,3000,0,6699751,60,6,5,4,6,1,1,0.999999364593989
58,140734818,348115296,29138617,3500,4,38444411,84,6,7,3,5,1,1,0.9116935494766205
50,105988216,58635884,99399939,1600,0,85115104,84,6,7,4,5,1,0,0.03723178649025062
58,109468459,365336006,36242323,2500,0,136851486,48,6,7,10,5,1,0,0.48827600602403354
35,103948707,454231757,36195915,2500,0,160688017,84,6,4,2,5,1,0,0.13327995799126885
30,115985666,113805289,11953321,3500,2,174427372,48,3,7,10,5,1,1,0.7739403587074978
30,120189956,439899028,187912940,0,1,171007127,84,6,7,5,6,1,0,0.42617727126358546
22,45693098,379204320,154087561,0,2,72191531,12,6,7,7,6,0,0,0.005919213164054955
53,89898857,93944975,88656235,0,0,70260967,48,8,5,5,5,1,1,0.9999998602690101
48,85341915,200117376,149014522,0,0,175285175,120,8,7,5,8,1,1,0.5595561438231583
58,148222662,431651757,175409384,0,0,11393857,24,6,4,10,5,1,1,0.85357167351539
40,114964022,109809522,5594379,0,2,23730321,120,10,5,3,7,1,1,0.9999999297768221
63,36079810,448881788,144876410,0,0,10777123,84,3,5,7,7,1,1,0.9999976018693112
55,56575580,316514452,36058857,0,0,94019714,60,6,5,10,7,1,0,0.4396019075469928
38,147528219,108308017,103889547,2000,3,68595263,120,6,5,4,6,1,1,0.9989599603141146
63,101982704,442537931,90983338,1000,2,176339624,120,3,5,9,7,1,1,0.9998236808895287
34,37775602,107636386,162085473,2000,4,66594360,48,6,5,10,7,1,0,0.24172648672408625
56,105303274,225220497,137645608,2000,0,27912492,48,3,7,5,4,1,1,0.9999994875678556
64,109482999,283880612,52370106,0,1,162011295,120,6,7,5,6,1,1,0.9999708372594053
22,111059132,148254750,66519216,2000,2,87129501,12,2,7,7,4,0,0,3.075183015094361e-05
38,66313988,497774037,93925776,0,2,189874091,60,6,7,10,5,1,1,0.9990427882340631
36,148503762,126215597,174071766,0,3,81186227,12,6,5,3,6,1,1,0.9998730966903824
22,127372319,200160741,42587909,0,2,110976516,12,8,5,10,8,0,1,0.9999995351872737
40,129942115,470290768,9427861,0,2,169734949,60,3,7,3,7,1,1,0.99320458658341
47,85470591,313312547,117400872,2000,4,190004061,12,6,7,2,6,0,0,0.0010810652369105927
49,126748515,63646266,187759181,3500,1,150255604,48,6,7,7,6,1,0,0.004501489008078138
38,22302800,173832835,62664913,1000,1,54722847,60,6,7,5,8,0,1,0.8437937638051631
48,85075515,262679384,105804268,1600,0,90880075,84,3,7,7,7,1,1,0.9999944258981043
34,77718467,359174162,173388699,3000,2,73865436,36,8,5,7,5,1,1,0.9999783898120663
53,137188087,390730072,26966830,0,1,11227635,60,8,7,5,7,1,1,0.9748386831364111
45,128671613,166536648,47027661,1600,2,93657306,60,3,4,7,7,1,1,0.9568133301923928
39,75754970,23022580,23309672,2500,0,180534176,60,6,5,5,7,0,1,0.9965723210835832
35,114862547,106681534,190967841,1600,2,115730805,84,6,5,5,5,1,1,0.7057632543345383
52,30294233,476947531,167238619,1600,4,32256603,84,6,7,5,7,1,0,0.30693590836526197
28,82770665,16031348,25450295,2000,0,57784543,48,6,5,3,5,0,1,0.9971471213418366
61,31957986,203362051,39317317,2500,1,126367652,36,2,5,2,4,0,0,0.0002466400885215592
65,26415443,385832469,73744801,1000,3,20201437,84,6,7,5,4,1,0,3.1034206296932554e-06
22,48870684,342192712,32658336,2000,0,75824360,120,8,5,9,5,1,1,0.9999324608851267
30,44039638,452994575,193793626,1600,1,41130443,60,8,7,5,4,1,1,0.9997688292129941
23,60725881,301594411,159155800,2000,1,47004804,36,6,4,4,5,1,1,0.9996752631713023
41,90716504,110121938,117244142,1600,1,75712689,60,6,5,7,5,1,0,0.05762720750528411
56,120304064,299417007,91000323,1600,0,75078551,12,3,5,2,7,0,1,0.9779561225801857
65,93403181,278026212,13897364,1000,1,140376341,36,6,7,4,5,0,1,0.9999999926576857
54,87381433,214660021,74550544,1600,0,148555337,120,6,7,4,4,1,1,0.999853560425217
28,120234988,115850329,38503404,0,4,74769379,60,6,7,7,7,1,1,0.9999919554624672
22,138638653,316296634,64964563,0,1,29270830,48,6,7,2,5,1,1,0.9777242697962776
48,73612397,84665928,48887889,3000,4,43754634,36,6,7,5,5,1,1,0.9846280289167896
38,133295937,342955802,145311981,2000,2,59540340,48,6,5,3,5,1,0,1.8361009231106987e-05
47,87659291,184010734,161249229,1600,0,194305455,36,3,5,10,4,1,0,0.08736758506755711
37,56352721,12723571,132516652,2500,0,138599240,24,6,7,5,6,0,0,0.49421172802746555
62,47694591,252982781,145070174,0,1,165589655,36,3,7,7,5,0,1,0.9997032022456799
25,98624229,93388653,25159398,1600,3,86900255,24,6,5,10,5,1,1,0.9999963570152284
47,110736332,71404962,86851952,0,1,126075682,120,3,4,5,4,1,0,0.00768602540574469
31,37857026,108952234,127190046,1600,2,14675119,84,6,7,5,5,0,0,0.0007283330106360202
44,53773274,224793299,119892335,0,2,44685968,36,6,7,4,7,1,1,0.9982386298625745
30,101922761,335729015,122928470,1600,4,186672797,48,6,5,10,6,1,1,0.9999746776410908
52,86687315,277349588,30570060,0,0,38907296,24,8,5,9,5,1,0,0.02022756130742035
44,80320055,95191635,98955368,0,1,105309158,84,8,7,3,5,1,1,0.9992792434667653
51,20120824,219605255,135960814,1600,0,199586315,36,6,5,5,7,0,1,0.9955794264554355
39,82765312,38336190,30528306,3500,2,60311204,84,6,7,10,5,1,1,0.999848126661709
25,88390727,389281923,2858154,1600,1,11845221,48,6,4,10,8,1,1,0.9999996532968441
58,37388890,68819499,154576277,0,1,117579129,48,6,5,5,6,0,1,0.8850596817791082
58,118505542,158253524,126473666,0,2,59551120,120,6,5,5,5,1,0,0.15168723057455372
59,108242468,196788910,176294392,0,3,126139008,60,6,7,5,8,1,1,0.9999988682189493
32,59906396,134350367,135693723,0,2,51207536,36,6,4,5,6,1,1,0.9999999892415538
62,66772623,131525757,144904400,0,2,49327317,36,6,7,5,8,0,1,0.9998994033403148
64,73405170,316329687,136428034,2500,3,179872349,60,10,5,10,6,1,1,0.9999975073476525
54,34572806,295686385,35411539,2000,2,66431994,120,3,7,4,6,0,1,0.9951338540120362
41,126655486,367491485,186829283,0,0,102179984,48,6,5,9,7,1,0,0.37055735266629314
51,113099341,495542669,144570835,0,1,58582352,48,6,5,3,8,1,1,0.9978487765097047
36,89438160,4015931,194834901,0,0,55457573,60,6,7,5,8,1,0,0.19187547557951853
22,121069210,261346887,73986000,2000,2,119272239,60,6,7,3,8,1,1,0.8284436144089458
62,62137572,395557059,76132600,2500,1,173571096,120,6,7,4,7,1,1,0.9999012815354729
61,102175615,278384359,65299389,3000,0,39705319,84,6,5,2,7,1,1,0.9999997148730104
32,24577972,457516211,23976814,2500,3,116562026,12,8,7,2,8,0,0,0.00020711707335200163
51,34607382,177123001,91017933,3000,4,163573643,60,10,5,10,5,0,1,0.9999990213867316
23,58435090,392204058,86040539,2500,2,169934740,60,3,7,7,5,1,1,0.999968040966446
28,73703961,184972066,17104903,2500,1,28074362,36,6,5,4,5,0,1,0.9999562879948721
23,43668206,9624481,180504507,0,1,28586701,60,6,5,5,8,0,1,0.9995298693072219
44,118434585,445199394,124927111,2000,1,14697180,36,6,4,2,8,1,1,0.9990829797115647
65,100595913,412660642,5537977,0,0,69075420,84,10,5,10,6,1,0,0.008107816754526905
36,27568276,360932119,180582578,0,1,140474531,24,10,5,7,8,0,1,0.9999986409560644
29,68438663,126499870,196200469,2000,2,66573737,48,3,7,7,4,1,1,0.9999948597460259
24,128224831,282750365,112789225,0,2,14683989,60,8,7,10,5,1,0,0.07497298646946077
30,47970230,10823951,40656817,1600,1,47457147,36,6,7,5,5,0,0,0.0004730754399270803
56,33073155,151296076,171321255,3000,3,158359548,60,3,4,3,6,0,1,0.9925001885311703
25,109302386,181147716,7463732,1600,4,120505224,60,8,5,5,4,1,1,0.9999856035481497
35,52965935,470816590,93055714,2000,0,54085566,60,8,5,3,5,1,1,0.9999854988578502
37,32052925,351169217,62801585,1600,2,154525247,60,3,7,7,4,0,1,0.9999997634825704
48,47939149,467399484,114066485,1600,2,125930388,84,6,5,4,4,1,0,0.007304359254245408
61,79072410,251137432,125215458,1600,0,127153969,84,6,7,3,8,1,1,0.9997573679921228
56,96716562,26931057,133549996,1000,1,19855079,84,6,7,10,6,1,1,0.9999974729924446
35,49069640,362304596,133075541,3000,2,167777375,12,6,7,5,7,0,1,0.9999909915929256
43,36965592,291944911,135432575,1000,2,141808556,48,6,5,10,7,0,1,0.9999541412267726
42,89886001,53279740,191950420,2000,0,139498005,84,10,7,10,7,1,1,0.9999956280749907
42,27342845,367591971,98922262,1600,3,148458765,36,6,5,3,5,0,1,0.9999117645917418
36,53972691,312943322,180082327,2500,0,175082034,48,6,7,7,8,1,1,0.9983656318271474
46,105120192,126002835,97232937,3500,2,30289835,12,10,7,10,5,1,0,0.052417320071477105
52,59805469,345103332,190558565,2000,2,160141310,36,6,7,5,5,0,1,0.9591875376687751
45,93356855,114218147,171509317,0,1,30495645,36,6,7,5,5,1,1,0.9999989909472514
41,100322665,317418077,106782459,3000,2,113914677,24,6,5,5,4,1,0,0.009518479484955036
42,71955540,379386781,70584578,0,3,66415839,24,6,7,9,7,1,0,0.15381786530180805
54,49155544,312292622,4198814,1000,3,95909228,48,2,7,5,5,0,1,0.9964332625451108
57,92799177,64180306,29737578,2500,4,139508162,24,6,4,3,8,0,1,0.9999378424847205
40,72832817,330558963,41656271,0,0,27522711,60,10,5,10,7,1,1,0.9999999959503065
53,149768918,32461811,142007116,0,2,31689985,48,6,4,7,5,1,0,0.0024168803045524026
47,25630985,251631950,47888018,2000,0,180272449,24,6,7,5,5,0,1,0.9973608069500336
31,22008165,276779396,38504328,1000,1,158265599,36,6,7,10,5,1,1,0.5574171173648415
57,30411636,480368919,116623998,2000,0,12510540,120,3,7,9,7,1,1,0.9681809862297007
54,104169532,348218896,86550173,2500,3,154458025,24,10,7,7,5,1,1,0.9999994231811334
53,34429325,229659252,131569447,1600,3,174485793,12,6,7,4,4,0,1,0.9996280453064974
53,87625299,26246091,24681433,0,0,25323381,12,6,7,3,7,0,0,0.13239918498134146
42,122883267,246765415,161019100,3500,0,68994184,60,6,5,5,7,1,1,0.8188813374039672
23,89741150,150112727,191322370,1000,1,150280711,84,3,5,3,8,0,1,0.9999993128580401
64,120053481,180205903,55860077,2000,2,12030433,84,6,7,5,5,1,1,0.9981277299055621
39,80674652,358487636,85913326,0,1,18458713,48,10,4,5,5,1,0,0.0001500334865731833
22,85482090,360776941,164923147,0,2,185938247,60,6,5,5,5,1,1,0.881973106441288
40,94852162,107734716,56187487,0,0,182102543,48,3,5,10,8,1,1,0.8590405666306622
26,113961998,156787566,114657331,0,2,75346721,48,6,7,7,4,1,1,0.9999957401466828
65,137619624,223997727,27108202,0,1,98846078,24,8,5,5,5,1,1,0.811465070437924
64,139858371,204406945,35567187,1600,1,104411430,36,10,7,9,7,1,0,0.15899470851723807
47,117870325,228784423,111098736,2000,0,147385905,84,8,7,10,7,1,1,0.9334741730215548
27,54994666,102527546,101183467,2500,4,70206360,36,6,7,2,5,0,0,0.008093576601033723
26,108070236,67613925,41214050,0,1,87746504,36,6,5,10,5,1,1,0.999976970598065
40,97817363,317267466,110179075,1600,2,91760171,36,6,5,10,8,1,1,0.999776110991404
39,54316817,358184527,14032387,0,1,71676811,60,3,7,5,5,1,0,0.0032854422219124007
49,74327972,312950116,116506566,3000,0,26255143,48,6,7,3,4,1,0,3.8134189562079187e-05
42,52972622,469554610,98784529,1600,4,177546539,12,3,7,5,5,1,1,0.9999970653186337
38,64332622,443950919,59670726,1000,1,113819862,60,3,7,10,5,1,1,0.9467285923848199
23,145927698,466612530,27887665,1600,0,113982428,120,3,5,4,7,1,1,0.9724933948972055
46,62416679,388085746,37841801,0,0,95446056,48,3,4,7,7,1,1,0.9795764658326749
45,115103075,443781229,100675590,2500,1,64856748,120,8,5,7,5,1,1,0.9999759757272827
50,117905450,308645538,176311252,0,0,88229792,120,3,7,5,5,1,0,0.16267344994655097
24,40660219,343036577,148597064,3000,1,126922784,36,8,7,3,6,1,1,0.933890088382529
35,108624230,49059436,145869106,0,0,110239293,36,3,7,5,5,1,1,0.991562564232256
41,46190309,457963873,21932765,2000,3,107219525,60,6,7,5,5,1,1,0.9999993639249145
22,115143522,134163034,66710722,1600,1,151710772,60,6,7,10,5,1,1,0.8691427493096701
49,75395908,152626814,72760421,1600,0,161441985,24,6,4,3,6,0,1,0.9999143973278609
49,136948077,64251989,37575307,1000,0,34222211,48,3,5,4,6,1,1,0.999908104887276
29,49469784,170333410,107792423,0,2,30024706,36,6,7,4,5,0,1,0.9999879167908865
32,111723152,214282306,62288504,0,0,145098159,12,2,7,9,7,0,1,0.9999891191146039
38,48096379,94379238,109367302,1000,1,19976522,120,8,5,5,7,1,1,0.9999960417053273
28,76855184,103169439,67862519,1600,0,113074673,48,10,5,3,8,1,1,0.9999542854505075
49,49861300,298223124,77851957,0,2,178290401,48,3,5,3,6,0,0,0.03115451937559325
56,121666600,140999676,177951562,2000,4,186457804,84,8,5,4,4,1,1,0.9854733257509012
42,33359871,72555367,150137843,0,1,106077976,120,6,4,4,4,1,0,0.04493559096227994
32,38863724,103294556,151432166,1000,1,156829290,12,6,5,4,7,0,0,0.000902509877379135
59,56492266,326781110,6196190,2000,0,15995992,60,6,4,4,5,0,1,0.999926496117973
33,46805620,281808292,60947240,0,0,187820746,48,2,4,5,5,0,0,0.4017632636242843
44,56055079,89656386,43839960,3500,0,139968903,60,8,7,3,7,0,0,0.08454717302362068
36,136464943,118406463,168489498,0,0,40460159,120,8,7,10,5,1,1,0.9999972554083497
22,32382361,73676383,169934923,1600,2,140623077,84,6,5,10,8,0,1,0.9999976930142187
31,34233826,83951598,179871439,2500,1,189968215,24,6,5,3,5,0,0,0.20762059110640518
45,149165162,391045007,107103563,1600,0,157569625,48,6,4,10,8,1,1,0.9972825334350807
36,48204311,318696248,64488254,1600,1,172274397,24,6,7,5,5,0,1,0.9999817033535453
24,79484793,289144307,180313617,0,1,165208738,48,3,7,9,4,1,0,0.00024297353381542804
58,38109304,372085498,85194606,3500,0,101509244,60,3,5,3,5,0,1,0.9999466048593662
45,119774847,268886245,123273986,0,3,43491045,12,6,5,2,6,1,1,0.9993521249501774
57,144181559,35719191,153020270,2500,0,148165130,12,6,7,7,7,1,1,0.9999651712795591
40,41127033,2817379,125872512,3500,2,30032374,60,6,5,5,4,0,0,0.24238079599887996
60,120129739,454758658,136970600,2000,0,5499743,48,6,7,10,5,1,1,0.9996000745439579
51,78081877,9436127,62200562,1600,3,131872184,84,3,7,5,4,0,1,0.9995794549834063
28,46490884,146022779,65819551,2000,1,18598202,12,8,7,3,8,1,0,0.0007697487065507293
59,124333389,65643435,133139509,2000,0,73136277,60,6,5,7,6,1,1,0.9743096985962567
37,121624768,473584595,35626519,2000,0,130122321,24,6,7,2,5,1,1,0.9863906929413675
28,120917762,31446311,123939171,2000,0,81046798,120,6,5,2,5,1,1,0.999999902530188
34,133380949,310670010,27313385,2000,2,189072192,120,6,5,9,7,1,1,0.9999881039909039
64,127309582,439952716,148028641,3000,3,117169308,84,6,7,5,5,1,1,0.9999736158372926
38,129822925,69870329,190610414,0,1,130429187,60,6,5,5,5,1,0,0.028948588112055394
61,140076428,339989274,64525568,1600,1,149235142,84,6,7,7,7,1,0,0.0011385263517894612
56,38760196,260967482,86410205,1000,1,10049996,24,6,7,10,8,1,0,0.0012737706264234682
24,137569547,55241910,177881223,0,1,122478426,84,2,4,3,7,0,0,0.0022890507512719543
42,136243680,457795992,174053293,1600,0,148887805,48,6,7,2,7,1,0,0.00015382398755555183
26,94382355,355014673,59045649,2000,0,53760294,60,6,7,5,6,1,1,0.9999986498877136
55,52628336,346637213,18298539,2500,1,69379353,36,3,7,10,7,1,1,0.9854131819473021
33,29973967,438342106,106755278,0,2,94683089,60,6,7,5,8,1,1,0.9996738554384486
36,117493978,93864037,90233583,3000,1,146166280,12,8,7,7,5,1,1,0.999996531469686
58,75575982,227204875,53723591,2000,0,192727497,48,6,5,10,5,0,0,1.4884531874409771e-05
50,146665429,488519376,115031065,2000,1,52307899,48,6,5,7,8,1,1,0.9999763980724123
47,117419272,228730823,131183470,0,2,91393274,24,6,5,5,7,1,1,0.7725432411274438
62,112936939,145147257,55635935,1600,0,169504483,24,6,7,10,7,1,1,0.9998860606005107
53,141041737,136286567,139014390,0,1,185750945,12,8,7,2,5,1,0,0.0003413710971245331
45,110527116,306400286,105345003,2500,0,176539494,24,6,7,5,7,1,0,0.0006997315759011179
50,138543423,32795432,15893900,1000,0,174549103,12,8,7,7,5,0,0,4.159929382270298e-07
52,93911793,224114007,12308529,2000,2,109536207,24,8,7,7,4,1,1,0.9094790097107782
52,114742208,48003473,86496146,0,1,179022184,48,8,4,3,5,1,1,0.9979194687174221
25,92986989,63360835,193110354,0,1,114433243,120,6,7,5,4,1,1,0.9954712095005803
51,106426338,458437414,33420632,0,2,169691248,120,8,7,5,7,1,0,4.473215146943188e-05
34,108899593,158075345,152987863,2500,0,172768426,84,10,7,5,5,1,1,0.9989540671195022
60,35142120,233678644,195595223,3000,4,169906010,60,8,5,10,4,0,1,0.9999968305464852
27,134885340,125256736,96162557,3500,0,73924146,60,6,5,5,5,1,1,0.9999864654151123
30,83359977,155669621,107121899,3000,2,134058080,120,8,5,7,5,1,1,0.9999143163191302
60,32338028,211163939,195961679,2500,2,31122196,60,6,5,3,7,0,1,0.9999968809481391
36,88886388,437148538,163005420,3000,1,171068710,120,8,7,5,6,1,1,0.9999994536322162
38,91163929,426073873,40334286,2500,1,105644923,48,6,4,10,7,1,1,0.9999999701894584
47,112873833,411258900,75671084,0,2,6408770,120,2,5,5,7,1,0,8.14707468603165e-05
58,146537653,68068220,192567326,3000,1,120583778,60,6,5,5,6,1,0,0.0022924486432906806
61,74600529,392477807,101299219,1000,0,89811375,12,6,5,7,6,0,0,1.2594016866933033e-05
59,149913716,362229188,83512523,2500,4,155813099,36,8,4,10,5,1,1,0.9999999904100424
33,115210498,398758703,152449353,3500,1,83470732,24,8,7,3,5,1,1,0.9999828723652944
49,106006838,289153814,132895392,1000,1,57386263,120,3,7,7,4,1,1,0.7869001628114719
39,95378450,41735972,160480556,2000,0,100313853,12,8,5,5,8,0,1,0.9999977255233
49,105712656,497585911,126086905,2500,1,168331763,48,6,5,2,8,1,1,0.9881998727108476
42,59741277,146678039,50963563,1600,1,106276853,84,8,5,3,6,1,0,0.00964720598227294
49,88896144,484518813,8049374,3500,2,157848232,60,6,5,10,7,1,1,0.9961014293238153
32,68613127,168609954,22369188,0,2,109113029,12,3,4,7,5,0,1,0.9999242007425905
62,28670204,1883847,176250636,1600,3,151011317,48,6,5,7,7,0,1,0.9999998389919792
61,32128721,319077532,68546805,0,3,94312593,48,6,5,5,4,0,1,0.7251278720189257
26,110578125,208999129,85752301,2000,1,95240357,24,8,7,7,4,1,1,0.5527022254401166
28,30716325,258982475,157754343,1600,2,34961619,60,6,7,5,5,1,1,0.9959038453256883
42,71305811,150631698,193397726,2000,3,149389380,36,8,7,2,7,1,1,0.9981230821578311
38,78771506,97166071,160101929,2500,0,169196416,48,6,7,10,5,1,1,0.9884389214631552
33,134514585,467900488,197252692,0,0,167387052,12,10,7,5,6,1,1,0.9279607560567814
54,53720492,305952042,110060478,0,1,124816412,12,3,7,10,4,0,0,0.011825296748798645
48,53886015,328941967,5474138,0,1,158047419,48,6,7,4,5,0,1,0.9882677276934243
60,72834410,50966902,114961044,0,0,55986713,48,6,7,4,7,0,1,0.9999957324061092
46,82634447,70416844,64824254,0,2,67577439,60,6,7,3,7,1,1,0.9964653099390843
61,59734304,457945317,27830966,1000,1,188543865,12,8,5,3,7,0,1,0.9999998821087818
55,76391175,282651345,105646646,2000,2,140316150,36,6,5,4,5,0,1,0.9992762848725681
59,98179929,213704143,183799232,1000,0,176290025,48,6,5,10,7,1,1,0.9998417478361754
53,80694152,363091067,142521214,1600,2,74405124,36,2,4,5,7,1,0,0.037012025514522914
41,135380448,422457042,54563415,0,2,140767702,24,8,4,3,5,1,0,0.007950741602085407
24,144747246,279807502,15038569,2000,2,146718512,84,6,5,5,8,1,1,0.9999936339523844
38,114931633,357107718,49733756,1600,1,109955759,24,6,4,4,4,1,1,0.999999126436445
51,24324836,450117428,53873709,3500,0,23355726,36,6,7,9,5,1,1,0.9998386198976301
49,114583194,57581955,185296220,0,1,122839981,60,10,5,3,5,1,0,0.00820638450017879
55,43037957,480733729,190361520,2000,0,153825552,84,6,7,9,8,1,1,0.9766287744893601
58,85909950,189097341,94081523,0,0,127186088,60,6,5,10,7,1,1,0.9999312728566533
37,69667004,309983145,65713483,2000,4,57049086,48,2,5,5,7,1,1,0.9414509580885241
29,116943296,77246618,172483508,1600,4,46570840,60,6,7,3,6,1,0,0.01397569727941678
57,101692904,430643166,162930890,2000,0,85722023,12,6,7,7,4,1,1,0.992545158974025
55,121519516,405906553,178268720,2000,1,140782098,12,6,7,2,7,1,0,0.0023247365186584313
31,127999760,24742506,59061241,1600,0,95914372,60,6,7,9,5,1,1,0.9854330174887759
62,58080276,153896377,86496000,1000,2,24381210,48,10,7,4,8,1,1,0.9999999206105882
27,49198317,376490808,134454703,0,0,84549296,120,10,5,9,5,1,1,0.9995791934244339
53,98321077,368498155,109961051,0,0,81930764,60,6,5,10,4,1,1,0.9826260354948957
29,110947549,340301935,78971393,0,1,137670897,60,6,4,3,8,1,1,0.995439778010467
59,49281187,468504849,118775245,0,0,168594240,24,10,5,10,7,1,0,0.028833198484367575
45,90210311,391778008,178333207,0,3,17187831,36,8,4,9,6,1,1,0.9931508098638718
42,82351262,53356929,57549302,1000,1,74160246,24,3,7,9,5,1,1,0.9998456846193429
50,72959696,306506980,27383910,2500,1,146646268,120,6,4,5,6,1,1,0.999947507159456
33,110722371,421239019,35482483,0,3,18477298,24,8,7,10,7,1,1,0.9999421041742099
25,136683085,195085357,131021794,1600,0,175979498,24,6,7,5,5,1,0,0.00020240167299396676
65,110668217,442761919,95296365,0,0,18109969,48,6,7,3,6,1,0,0.16833304202272084
47,129278470,369090863,98977128,2000,1,145723896,12,10,4,3,5,1,1,0.826859886329216
33,132069898,130316727,121946270,2500,0,159508195,24,6,5,2,4,1,0,0.35172223670937297
45,57747867,185029018,153443190,1000,1,168940503,48,8,7,3,7,0,0,0.002227846141134444
52,122945872,135124437,183273021,2000,2,102479353,60,6,7,7,5,1,0,0.05369231826697034
48,33122411,417188931,6850914,0,0,144920896,84,8,5,3,5,0,1,0.9999208282487821
45,61988658,283920480,171046072,0,0,65785473,12,6,5,5,8,1,1,0.9999630965110121
41,32747520,182031435,134596461,1600,0,63513684,24,6,5,7,7,0,1,0.9999998730278225
27,61554767,119382947,150602040,0,1,150275087,12,8,5,5,5,0,1,0.9715811069753566
24,58214978,200208230,143244565,0,0,76551514,48,8,5,5,6,1,1,0.9998434168680697
35,147535832,8936765,85083032,1600,0,178125829,12,3,7,4,6,0,1,0.9999712640562194
30,64385285,76480935,185077342,3000,1,145439405,84,10,4,5,7,1,0,0.45817255780162036
59,60248096,431151618,160242837,1600,0,195417842,120,2,5,4,5,1,1,0.9907540320338192
25,149961992,114915263,96315616,2000,0,97878420,12,6,7,5,8,1,1,0.999341300825214
49,61694188,965957,135522635,1000,1,26640981,24,6,5,10,8,1,1,0.8979879016324203
36,131107755,87054623,124575229,2500,4,92133275,120,6,7,10,7,1,1,0.9979747008933008
63,101705282,93805494,9166736,2000,2,31976202,12,3,7,5,4,0,1,0.6270464051253162
54,106753140,417846293,21336479,0,0,24931702,12,2,7,9,7,1,1,0.9999208708768803
24,74487702,341509159,22327337,3000,0,125604998,36,6,4,9,5,0,1,0.9895357908859258
56,56633655,484658601,33682821,2000,0,184850524,24,6,5,9,5,1,1,0.7325305824714844
44,61893851,279286710,162117468,2000,0,144457838,120,6,5,10,4,1,0,0.4099484573896789
33,55673523,356095864,72664696,2000,0,193405887,36,6,7,10,7,0,1,0.9990330675240894
41,135141248,209303504,43815867,1600,2,194521740,36,6,5,10,5,1,1,0.9994927217635475
23,67334660,212781682,137038121,1000,0,100342266,36,6,7,5,5,1,1,0.9986059042145052
25,134321609,99474854,77472967,2000,1,125378694,48,3,7,5,8,1,1,0.9993811980850935
60,53246681,86195234,93119100,2000,0,145006315,12,8,5,5,8,0,1,0.5849313870077171
36,51493430,122419775,121212939,3500,1,35034336,24,6,5,10,5,1,1,0.9999997428177265
44,119836097,419250495,178535530,0,0,114573864,48,10,5,5,5,1,1,0.9999748065992595
51,68860820,301863358,71354209,2000,0,101651548,120,6,7,7,8,1,1,0.9238993153444854
55,101392753,78122057,58380718,2000,0,139026902,12,6,7,9,7,0,1,0.9999775628421309
54,76149409,182501747,58072182,0,1,141485581,36,6,5,2,8,0,1,0.9006413983898993
45,125782335,70248657,47545872,0,2,198391113,48,10,7,5,7,1,0,0.01215643936996105
44,62351340,316364193,167226973,3500,3,88942881,36,6,5,5,6,1,1,0.9999937818329477
53,93191682,70851919,111333537,0,0,55121205,60,8,7,7,7,1,1,0.9999995851798391
31,143931128,35118652,14741963,2000,0,88706975,24,8,7,7,8,1,1,0.9999812784608685
65,50630970,301501920,62763756,3500,1,14630312,36,3,7,3,6,0,1,0.99994490183265
37,53749381,24169452,30546478,2000,2,112294638,36,6,5,7,5,0,0,0.0003655736649013509
37,77448019,464568116,158663634,2000,1,90422945,24,3,4,3,5,1,0,3.679620163175538e-05
44,108962724,169586810,163124206,2500,2,175319294,60,6,7,3,5,1,0,0.0015015372063743612
30,100008684,288881533,66036204,0,0,93392069,60,3,7,5,7,1,1,0.9946836827723748
30,69677278,430185068,185273867,1600,0,28033425,84,3,5,2,8,1,0,0.02814746206437523
54,54763986,224741381,167534125,3000,1,147988977,36,6,7,5,5,1,1,0.9999993821712907
23,46279421,397030312,37634319,2500,3,140140410,60,6,7,5,8,0,0,0.15754685796586057
59,40335499,123672335,8616194,0,1,140277592,36,2,4,10,5,0,0,2.3606789421431985e-05
43,29508526,114793654,162134411,2000,1,151172401,120,8,7,5,7,0,1,0.99974153748098
38,55280464,417211422,66636631,1600,3,63645539,48,6,5,2,5,1,1,0.77752211869323
54,113045670,481431167,26104279,0,2,31545035,84,3,7,5,7,1,1,0.5848191093875396
47,41978031,288561134,172669020,2000,0,156251194,12,2,7,7,7,1,1,0.9999997183539426
59,22424056,485912212,10231902,1000,2,63549026,36,2,7,2,8,0,1,0.9999925734772916
38,94242111,335556249,60862055,2000,0,77498192,36,3,5,4,7,1,1,0.9999824796028906
41,23066955,244353084,72914031,3500,3,88496869,60,6,7,5,6,0,0,0.00011575608514612452
35,42321108,127210245,114533300,3000,0,148980725,60,8,7,5,7,0,1,0.9996967608536311
55,27683756,156064138,41495465,1600,0,169268420,48,6,7,5,8,0,1,0.9991697008248612
58,54594034,218124955,70759197,0,2,82021972,12,6,7,5,7,0,1,0.6235571855160364
45,73785276,444981852,53215862,2500,0,25944997,12,3,7,10,6,1,1,0.9999842200053146
53,106814808,316333126,66939938,0,0,158859921,60,3,7,5,7,1,1,0.6560057235978192
55,133182404,312471137,14511275,2500,2,170771665,60,3,7,10,7,1,1,0.9999819325684702
38,27676518,299714196,95621389,1600,0,156714913,120,6,5,7,4,0,1,0.9998601817005086
64,55819753,108723817,187667440,3000,1,53394921,60,6,7,3,7,0,1,0.9999977808136241
57,56261949,55796962,66069018,0,2,95126770,84,8,7,10,8,1,1,0.9999996843855873
46,110375539,182688687,32879861,2000,1,115614275,120,8,7,7,5,1,1,0.9999996834760494
39,143868470,126100025,139767471,1000,2,97213045,24,3,5,5,5,1,0,0.31208582343890107
27,93714261,15790506,26382931,0,0,21443920,120,8,5,2,7,0,1,0.9999768499209168
34,70702087,65578111,28998408,0,1,83629734,36,8,4,7,5,1,1,0.99999784662302
39,31862715,402140546,128174475,1000,1,72908465,24,6,4,9,5,0,0,0.2757162464961416
60,84485554,499682466,176059543,2000,2,145663804,120,3,4,4,5,1,1,0.9996540889427468
65,97951583,374103559,151495231,1000,0,193351789,48,8,4,7,4,1,1,0.9249912059129476
63,108449973,184258828,134218034,2000,1,196963091,60,8,5,9,5,1,1,0.9999999799256072
39,140822983,187375458,67030628,3500,0,120286442,12,8,5,4,7,1,1,0.9997439884947267
30,82879807,128022243,52704288,1600,1,166114904,120,6,5,3,4,1,1,0.9999995765316886
43,76390173,181779077,140382180,0,2,26134922,48,6,4,3,7,1,0,0.0006644196187886046
34,61327607,237810307,161044241,3500,0,102434728,24,10,7,5,5,1,1,0.9999970640122814
26,98712562,480452077,26676898,2500,0,93625665,24,6,5,7,6,1,1,0.9735892851578898
41,73220587,425518469,188345613,0,0,6818835,120,6,5,5,7,1,1,0.999999473587994
39,106561509,443453362,187839172,1600,2,182918609,60,8,7,3,7,1,1,0.9999737119076954
25,130479538,420769233,105421965,0,1,22950428,36,2,4,5,7,1,1,0.9950299631649495
40,111131464,418663716,352636,2500,1,89295985,120,2,5,5,8,1,1,0.8680559409689054
46,135537822,90298103,109063534,1600,0,48530860,120,8,5,10,5,1,1,0.9682169641486367
26,56997453,469446073,59589852,1600,0,109540751,24,6,7,7,7,0,1,0.6341635746671
48,58783906,82662216,167118806,0,1,129115644,48,8,7,7,7,1,0,0.0033043883558072215
45,57461387,196615348,69220805,0,4,170010415,48,6,7,4,5,0,1,0.9999997787577609
33,81493575,216300662,21058571,0,1,96238512,84,6,5,4,5,1,0,0.018806570340660213
48,22293870,374292173,143763808,1600,3,54972655,60,6,5,5,4,1,1,0.9999570771892782
24,36279903,126956462,116898308,0,1,49756715,36,8,7,5,5,0,1,0.9984682161574208
58,22931398,232815960,185933053,1600,0,176828621,120,3,5,9,4,0,1,0.9992467119516188
51,142264635,369874973,133323091,1600,2,11520518,24,10,7,5,5,1,0,0.011341538688941971
58,79199807,478656806,71724681,0,1,171925170,36,6,7,4,6,1,1,0.9017998977286414
40,57140947,199663073,3559599,0,0,175569683,60,8,5,10,7,0,1,0.9952930450961415
63,69166881,237788704,52954732,2000,0,44606154,48,10,7,5,8,1,1,0.9998562058395303
61,77006042,401547287,125458593,1000,1,44446796,24,8,5,3,8,1,1,0.9823737457753687
32,88955148,108731041,70687310,0,0,15175041,24,8,5,5,5,1,0,0.4542965647113326
50,86474081,399247266,41016271,1000,0,18394340,24,2,5,10,4,1,1,0.9999895232818165
48,88908119,455809102,70503692,1600,0,119357435,48,8,7,4,5,1,1,0.9999922122342156
40,104608318,180160568,159031650,0,0,25089098,60,10,4,3,5,1,1,0.9999943948508857
36,129934957,36790647,191401383,1600,2,93797048,36,10,5,10,5,1,1,0.938488340771135
29,86814208,322504907,130563604,2000,2,79366604,12,8,5,3,5,1,0,0.4948335669335555
47,89076388,299859505,172511366,0,3,56105279,60,3,5,3,7,1,1,0.9967439296062504
62,70637083,191294411,176751999,0,2,61658191,24,8,7,9,7,1,1,0.9969300795635297
43,139204944,146237016,47890962,3500,0,171479592,60,6,4,5,5,1,0,1.2568190462661426e-05
53,91636623,437604902,195494855,2500,3,121592398,36,10,4,10,8,1,1,0.5020566015042077
23,21009663,335176819,13394753,1000,0,98924835,60,6,4,3,8,0,0,0.004694308591837261
31,63593970,460624074,40605933,1600,1,70567150,12,8,5,4,6,0,1,0.5978466369044103
25,45087921,357500984,197025244,0,0,25282030,12,6,7,5,5,1,1,0.9994308124846645
56,132618016,147801138,11128154,2000,1,73651287,120,6,7,7,7,1,1,0.9309903851304882
54,69060391,272619587,180679360,0,2,49076350,84,6,7,3,5,1,1,0.9986389688254489
35,77026810,268450635,160290605,0,0,165534209,12,8,7,7,5,1,0,0.013509464819894559
48,86492536,187336444,189665316,0,2,92746570,12,6,7,7,8,1,1,0.9816020108919921
22,95018325,436621972,21624521,0,2,44253653,120,3,5,5,5,1,1,0.9999999772219313
37,36341767,231559016,60435346,1600,0,190339617,48,6,7,7,5,0,0,0.30747617346920264
62,72539296,117918025,196907491,3000,1,99232631,48,6,7,3,5,1,0,0.14048893779493463
36,83131995,137484683,77791697,1600,1,55972170,60,6,4,9,4,1,0,0.09475815341795236
57,112165354,388295447,116574314,0,3,12564390,12,8,5,5,7,1,1,0.9999999876661573
33,21972645,106207366,117995520,1600,1,6907672,120,3,7,2,7,0,0,0.009756764665925843
32,133674210,220622938,107954904,2500,1,173080616,12,6,7,4,8,1,1,0.9899424591252631
23,126320586,37579282,86666775,2500,3,43829443,12,6,7,3,5,1,0,0.2739108118166946
25,116158776,7138490,54764123,0,2,33595471,84,3,7,10,6,0,0,0.0008804964063734976
47,78506750,15894574,2113374,3000,0,158787463,48,6,5,10,7,0,1,0.9999999926960079
36,34020924,85374747,103468641,2000,1,144258318,36,6,4,5,5,0,0,0.005565508250131025
43,110026821,19216696,48946895,0,2,108819352,84,6,7,5,5,0,1,0.9999999513590326
30,97328252,330860336,141468991,1000,0,173408436,120,6,7,10,5,1,1,0.8340219116477591
65,67704982,363431783,175207822,1600,0,68728847,84,6,5,10,5,1,0,0.00020883722839597948
32,27814112,69529562,35898925,0,1,14661943,36,3,7,3,5,0,1,0.9853614260838341
45,50828780,162528821,32015131,2000,4,15323565,24,8,7,7,7,1,1,0.9999948039611456
42,137330474,132121968,72482450,2500,1,174845091,84,6,5,7,5,1,1,0.9963352590506845
50,91648373,348342016,99259418,0,0,159272664,120,3,7,10,7,1,1,0.9985203419094147
42,81676536,28359976,98482157,0,2,82251207,36,6,5,10,5,1,1,0.9443158424612812
33,75723756,211428039,143755836,2500,1,38503975,36,6,7,5,7,1,1,0.9999150021614113
25,43863334,496431716,118850713,1600,0,105501405,120,3,5,7,6,1,1,0.9999066214617433
47,46488213,297600090,139926933,2500,3,117903135,24,6,7,5,6,1,1,0.999986247905585
63,117292824,148134917,17770297,1000,2,54859441,48,6,5,3,6,0,1,0.9999875142253719
56,72471366,7114111,31588297,0,1,27555843,120,3,5,4,6,0,0,0.07028698753264852
45,50233849,483048532,2923376,0,1,103322030,12,2,7,10,6,0,0,0.048910943482194325
48,54268707,488465708,170465735,0,1,6753471,120,6,5,3,6,1,1,0.999966003187303
49,141906415,272125688,135249362,3000,3,28790819,48,10,7,10,7,1,0,0.42854597498641595
23,54104585,469180800,101454568,3000,0,142742587,24,6,7,9,7,1,1,0.986171750190031
32,83661524,427110171,67501115,0,2,98624322,12,6,5,5,5,1,1,0.9840737173415185
62,22165861,207867124,109060640,0,0,173857641,84,6,4,5,5,0,1,0.9999999114713797
51,87350031,208417307,142137575,2500,0,8570273,48,10,7,3,6,1,1,0.9976609316472929
51,27425231,354952522,37406917,0,0,101398888,36,8,7,2,5,0,1,0.8536676484876533
49,63526384,197172071,113097256,1600,0,91022479,12,2,7,5,8,0,1,0.672818148323191
62,42851896,319572369,39326408,3000,1,109920629,12,3,5,5,6,0,1,0.9945293037964922
38,115455363,80172321,113916591,2000,2,27488946,12,3,7,5,4,1,1,0.9735340848634606
32,84961737,64272978,24105000,2000,3,161673574,24,8,7,4,6,0,1,0.9999998179706688
61,138524363,103222616,139874191,0,2,97348665,84,8,4,7,5,1,0,0.10102481058488225
42,125504360,252320527,81208781,1600,2,175758750,48,6,5,4,7,1,1,0.9999959756339055
31,33917433,416047368,63641359,0,1,178847592,84,3,7,10,8,0,0,0.00012493207890678244
55,136545552,212750224,184766887,3500,1,138543969,24,6,5,3,6,1,0,0.002496519800403132
52,77801595,107610322,46968054,3500,2,42198636,12,6,7,9,8,0,1,0.9469157063011227
30,41586827,108150470,191057239,2000,2,94346951,36,6,5,3,5,1,0,0.00053451349474638
47,113258460,52236492,50458317,2000,0,64763071,60,6,7,10,7,1,1,0.9999990934282622
38,142545693,159760725,51128405,1000,0,119307068,36,6,4,10,6,1,0,0.040845607024139995
56,75907194,364955656,115187633,2000,0,134010680,36,10,7,9,8,1,1,0.9998366747273086
58,132185326,104420208,176106105,1000,2,35212926,60,6,7,10,8,1,0,0.26061532489046
60,40284655,68361138,11802094,2000,0,88541035,60,6,7,3,6,0,0,8.92057949472362e-05
64,66558821,337011473,102332639,1600,1,197990963,24,8,5,5,6,0,1,0.9999960097759939
60,89610443,23699288,159065070,2500,2,151652956,12,6,7,3,6,0,1,0.9997649998474235
23,22060960,304946870,38760848,0,3,96732163,48,3,7,10,7,0,1,0.9999999687117737
55,129638531,262889653,189822410,1000,2,190109477,12,10,4,5,6,1,1,0.9997056634362277
31,119562895,441559703,78500863,2000,0,109640154,120,2,7,5,5,1,0,0.0018641013671767711
50,26565961,470155900,57796580,1000,0,30661850,60,8,7,2,8,1,0,0.09659505428202124
37,144012877,315485222,193951994,1000,2,155955622,84,6,7,5,5,1,1,0.9998528286060274
41,44375579,24812313,138672523,0,3,10486405,120,8,5,3,5,1,1,0.9999392171751801
32,43845073,328235758,122421915,3000,1,42247376,24,6,7,3,4,1,1,0.9999995415348427
37,57472705,417067619,93087794,2000,0,187234416,48,6,5,5,4,0,1,0.9979905112024282
53,132638638,260911612,47137732,1600,2,81095857,84,6,5,10,7,1,1,0.9986261285249548
51,131509338,132236078,101108229,1600,1,29595255,24,6,5,7,8,1,1,0.9987988303895103
61,69175606,156117260,152791106,1600,3,128320342,36,10,5,3,5,0,1,0.5337686239532498
52,107830770,446633318,46303413,0,2,58666637,84,6,5,5,7,1,1,0.895337880095899
58,72631785,358989767,163958628,2000,4,193547436,12,3,5,7,7,1,1,0.9467810276911669
58,45375631,173799907,163770992,1600,0,15387876,12,6,5,3,7,0,1,0.9999989874409564
31,25521088,397956571,73993298,1600,0,102064649,48,3,7,10,7,0,1,0.9740895879570858
30,77885623,166542774,42056558,2500,0,116270500,36,8,5,5,7,0,1,0.7362488003838724
34,147542691,58201425,69466753,0,2,143737636,48,8,7,5,5,1,1,0.9999999754400658
51,28641506,447785739,74390991,3000,1,62297949,24,6,7,3,6,0,1,0.9999994137841516
56,56288737,14241905,136042580,1600,0,143456728,12,8,5,2,6,0,1,0.999808791738589
33,149585193,333135068,193370446,2000,0,95790515,120,6,7,10,6,1,0,0.001321484715920089
29,20213688,396505153,79662073,1600,3,118629916,84,6,7,3,7,0,0,0.17313946082727075
53,138960833,487719144,126150700,2000,1,195863800,84,6,5,2,5,1,1,0.9999456751610971
31,131388595,168205273,182413569,2000,3,15802289,48,3,7,5,5,1,1,0.9938216549278085
37,39689490,8575840,79011354,2000,1,23516114,36,6,7,10,5,0,1,0.9999498283059371
40,76719185,333484764,87241752,3500,4,127092978,120,6,4,3,8,1,0,0.006786507998881909
34,46552078,154392829,23122377,0,3,120710934,48,6,7,4,5,0,0,4.197834435327963e-05
53,135025033,170551356,105235064,2500,3,123027931,60,10,7,5,6,1,0,0.01857612420956651
36,140641850,16230070,24367822,1600,0,184749117,120,2,5,5,8,0,1,0.9792422574445807
47,45049842,32567250,75695010,1600,0,179724159,36,6,5,7,4,0,1,0.9999997769319555
44,50212526,420276678,15242736,3000,4,195791611,36,6,7,9,5,0,0,0.48457735799499574
28,21972994,267626367,48052935,3000,0,176446755,36,8,7,5,4,0,1,0.9999231260840945
53,140153055,15680784,44885044,1000,3,163942307,24,10,4,5,7,1,1,0.9999998621874185
40,74377844,291717817,95612508,2500,1,147216616,120,6,7,5,5,1,1,0.999998301736871
59,31277322,427755587,93661097,2500,1,7270570,12,3,5,5,7,1,1,0.9999977411260305
40,103364542,164621739,170898522,2000,2,21695985,60,8,5,5,5,1,0,0.024594272975777032
47,140510540,441946118,7839367,1600,2,91397154,120,6,7,3,6,1,0,0.06808418997271916
25,76158618,111374162,105397243,2000,2,65047414,60,6,5,9,5,1,0,5.377300154077281e-05
32,138536807,132613747,97323418,1600,0,38232065,60,2,7,7,5,1,0,6.249536119695175e-06
49,44490051,64293406,69684529,1600,2,94910944,24,6,5,9,6,0,1,0.9955875272680065
24,52969660,321154477,30791465,2000,2,51432918,24,6,7,4,4,0,1,0.9982384898248541
60,121424604,360744586,83159087,0,2,69448911,12,6,7,5,8,1,1,0.5038377024524919
53,145822105,368769093,150699112,0,2,110551681,12,6,4,10,5,1,1,0.9984719224720501
30,51790257,34892892,117090339,1600,2,165289435,48,10,7,10,5,0,1,0.9966685900534236
42,141570614,419545749,174240207,1600,3,161729369,120,8,5,10,7,1,1,0.7532031915651242
53,114568810,202578836,22542336,1600,2,78630924,36,6,4,2,6,1,1,0.9998547141948864
24,109843763,278359312,156532585,0,0,40401996,36,3,7,9,7,1,0,0.0025048119069247757
24,112314919,457464968,52793347,2000,0,64978929,48,6,4,5,5,1,1,0.9877539862199244
30,39782698,93521342,39007896,1000,0,121768059,48,3,5,2,6,0,0,0.26734605820139706
58,128434505,394727544,32395056,0,2,81441724,60,10,4,5,5,1,1,0.5172126373738564
32,51664246,478285428,62815475,2000,2,142216522,36,8,5,3,7,0,1,0.6649371086810654
63,70370640,398577552,84396433,1600,0,170471350,84,6,5,10,5,1,1,0.9775947721724686
48,78080078,187941426,85207232,0,0,44717372,12,6,5,5,5,1,0,0.057264602148798874
23,112781813,87473006,164548806,1600,4,146867145,12,3,5,5,6,0,1,0.9999999664138224
60,109020510,16032260,6319545,2000,0,147313047,84,6,4,7,5,0,1,0.9999932772471768
54,66515726,385206507,61826858,1600,2,56996655,60,8,7,9,8,1,1,0.7062969256459942
22,62047571,445372795,150248806,2500,0,138077648,24,6,7,5,8,1,1,0.8916135715880992
59,82606588,345940523,34016302,2500,0,86002408,24,8,5,5,7,1,1,0.9994981256462943
49,115582658,297275050,152967479,0,0,61979825,12,6,7,10,5,1,0,0.0085970286692999
45,115787439,128202796,131494667,3000,3,91727700,120,6,7,5,5,1,0,0.1593811101239272
